Temperature,Humidity,WindSpeed,NO2,SO2,CO,O3,PM,AQI
22.49080237694725,34.81063430708957,5.234113674718119,67.2702994208898,57.19958782835928,39.363552027744205,64.8256954077822,3.879945472888746,52.97821343264527
34.01428612819832,63.35207579026865,4.939575981439996,79.66813971913723,80.54323292999864,47.34356593750214,17.238636210516624,18.677252823112934,67.10274768664038
29.6398788362281,89.83566687011266,18.125091610420732,25.046789879249896,76.01609297901591,85.45473932021804,87.23945633548149,83.12458050899426,66.79851359548748
26.973169683940732,78.5779909127649,4.990923996990122,62.48740996069989,15.389990469377368,34.00043860598922,61.311623906924154,76.67683563383358,66.3127690453066
18.12037280884873,84.52489182891598,5.43899452257262,57.17459831437487,14.92494697414739,86.96496848121713,15.720388355695425,35.06426914571469,54.38116621177467
18.119890406724053,72.70266933685738,15.187965248359275,83.28303767882711,26.817436774491334,8.813443097669149,96.23380574812069,37.681062777421246,64.22656145881851
16.161672243363988,75.3821251614282,8.9947968490108,90.60870604812605,36.10747263410372,77.67984372086308,51.83654633353206,53.35544335535795,68.60468402743983
32.3235229154987,87.93565212522554,15.534211139103624,1.2156771477386807,40.84555814084826,84.75476330547363,7.289845187165501,0.02410046851345493,51.927279702248036
27.022300234864176,39.97344070873488,1.3073231512877048,67.40199190587927,67.96972168333453,18.181765283733874,62.68329044150672,24.124433603802785,49.05606821983037
29.16145155592091,59.15399709145124,9.751423873467687,5.1835799119729025,5.66804321658354,43.03465323722004,25.31989070128102,20.823180860821445,43.733319787672855
15.411689885916049,37.69675534556818,0.6722720036656527,54.88586650773559,3.4672704226066386,16.54997746636556,80.36934518773025,25.048294674976347,32.29875749012484
34.39819704323989,99.01344063973175,1.2530640691070905,28.76327290436782,39.191056294390904,70.66041289942177,81.78220735661907,80.59058425334413,74.80808188316826
31.648852816008436,95.52474717492906,18.12874906688822,30.67765995221412,69.71636921379805,53.534776806165674,97.89473558546618,27.967385654644318,75.32540337977431
19.246782213565524,23.154144909480472,2.7849074223519033,35.29585034523566,19.343534295648258,63.5323346708321,50.186953102450374,19.152132205014816,41.01928963747791
18.636499344142013,76.44601380125508,10.648413645504341,62.12924490496101,64.15044812562518,19.648696695621116,45.495687972773716,50.42634607930315,69.3036115751047
18.668090197068675,94.01986539325327,8.221912052014131,33.40499656687692,25.982813794029948,21.17458620524195,75.34756054464806,86.56450363727319,56.340621443369336
21.084844859190753,34.44602761018668,6.946866525176853,73.26990505902803,88.60861088135164,4.149732550990636,13.247065634192657,24.134970383749987,48.64102003643171
25.495128632644757,65.43561844421035,17.99666691374545,40.45273855738697,89.56899442666165,32.20675351957297,54.69155137931242,7.853624279279869,54.309467809139456
23.638900372842315,93.23906380704335,0.43646793550979,6.835320030995861,29.72872042813265,55.97446613336749,54.624760013085094,35.64047358496647,58.39656596452606
20.824582803960837,22.715678286863906,13.275793723511782,78.37598424841073,22.99937539632405,85.79349139973289,8.947312281038721,74.76518245649778,53.09462606585228
27.237057894447588,75.7936213797472,19.267888684271007,28.5758324592706,41.13039720662313,66.69274474586807,41.798408550691356,55.06905446947946,57.58919133301311
17.789877213040835,43.78792058980406,11.20336366923684,43.276687959926264,24.05315851801487,43.53963233997514,85.3284798567202,81.67933695743474,58.787188857305445
20.842892970704362,93.95169563012243,18.736449240661837,68.54438832219016,67.23838432917036,95.31201143941378,85.61536219946603,95.9592147609234,82.98042499905262
22.327236865873836,97.68465961322943,1.0451575857204753,33.2456157148712,82.60646845482856,71.92452005758318,9.9237664919681,79.26624767516171,58.829930220232335
24.12139968434072,95.54131912907471,8.375866381483227,5.658565614671563,67.3092130911217,93.016520286255,9.072088274783086,60.38030788437534,58.5542473198248
30.703519227860273,57.9371373325971,5.203155819241023,37.39210470128136,82.43504472493495,52.75879732721657,26.26954770019353,49.33415880523805,58.76709386971159
18.993475643167194,88.96341207914507,14.616419299614595,94.44485826943034,39.69921622074742,25.89042747931396,87.47660625539935,4.006908634826667,72.98236125249457
25.284688768272233,87.56395188280563,19.625941809944933,64.17343972985582,15.631697070886085,5.282668636472199,12.890258507349895,98.43219788140412,59.29843633656338
26.848291377240848,45.528037859460454,5.130601248884956,67.1479148667207,73.79509473975922,72.60848514838504,71.99968026274462,38.348112257504255,69.53221687314294
15.929008254399955,86.3132379320542,13.083492029481489,63.22821536376399,36.047450514155386,12.130299800553413,10.116561961310321,15.222821391686681,42.13253258591884
27.150897038028766,22.96061077723941,3.9619526551948026,19.899213895943678,67.12708252291326,30.277512827196716,62.31378537478254,66.67088553964568,40.396042426910576
18.41048247374583,67.70159027856424,11.306605091432198,41.833386410228016,27.064394198176565,53.24709078838974,35.60672991191448,28.428828909545935,48.16539369197689
16.30103185970559,38.40070698301624,9.278649733766724,75.09397983633183,8.122963480667266,56.441658777974766,78.8913962965867,58.57782709310476,53.35375009736661
33.977710745066666,29.645350862182305,19.44010659263074,10.137289755315916,99.25817954877634,60.0583196987136,23.36904488253636,58.67679078445912,50.107746296658576
34.31264066149119,26.156256130336732,12.170545453929332,27.785277608971228,15.620150793059928,16.625533034970065,63.920182938995985,44.572982090286914,42.57520989535594
31.16794696232922,75.70310207025118,6.990127441736376,27.631910846585363,98.8420993963481,37.97374048216488,23.568253457588494,83.61186155450426,58.925309214155455
21.092275383467413,47.18999710144529,2.2819156977586674,43.2018927594506,97.72799325664472,61.71942271169667,71.36602831121537,26.496706155544302,56.619977410816034
16.95344228012768,77.98134172230093,3.024936574698691,98.0368740942185,79.38181039080396,96.98188646337847,87.36780345607488,44.86325916177341,80.12543923841378
28.684660530243136,25.22850726391539,4.506338599024701,6.750254668382194,65.94229620819976,72.76311376996887,12.680179912676003,53.76921285909715,36.46271314261881
23.803049874792027,45.223227026448825,5.01933322680596,51.870099438059505,57.78070502510847,92.26037570939579,86.65956885955035,66.36247207672996,63.92463909782367
17.440764696895577,63.15930339002698,17.012321156822757,17.936468201221047,86.61015453778347,76.2212058314177,59.35752544142979,78.39718505055895,60.31256679854732
24.903538202225405,83.25785318711709,11.224455765650498,97.06765454097442,28.943952161948793,59.171696889240046,12.711049086702397,39.480728287825606,65.54664869250782
15.687770422304368,45.5002002345656,10.467818227487328,11.33035047274642,46.7681212484877,19.202336913634454,42.7541855359712,64.6046944096596,38.36947195336936
33.186408041575646,70.07131011496072,2.2953774373843494,40.36010023615913,61.93899693665019,66.66856518925131,16.08602934850979,15.061095306851913,55.577341244708165
20.17559963200034,90.87821985889497,17.2027938669887,73.78849848346061,41.11904758694911,62.337956595990704,70.03478888665695,93.26481005424786,73.74143587771161
28.25044568707964,69.26905505458436,14.456286064169674,70.45544280274453,42.7486454090268,60.24691704572665,75.88681344179497,38.305880642100355,73.14667411595187
21.23422152178822,38.6367579802907,1.3533672380000317,42.272863689393226,33.02846675020844,48.978586798824075,10.579652027279895,72.95214219764384,37.84244474650954
25.401360423556216,21.952062524523043,14.156701944595373,34.652416795271826,56.4231816684536,52.86566039892756,50.613985269464436,2.0341081882177647,37.39453843904454
25.934205586865595,89.60790991207439,10.870764346852921,39.76123785528706,85.0574528015116,33.44425271181041,81.46250560259172,20.5187142904807,77.38542467451137
18.69708911051054,21.701552868030973,1.634506914935565,26.42762631586393,20.152837800631286,51.931269264230316,93.61630415509966,48.7082544323578,35.4126895040713
34.39169255529117,89.97613381473596,9.166012830573129,20.53329387067998,93.44330387534414,19.755590567847825,51.351786674177,87.82524677323465,57.74970086289726
30.50265646722229,62.31497072217696,9.693925742600939,48.303969755889,68.90876537482296,80.51743973603767,95.02792236114071,52.72551499506771,73.26064239179375
33.78997883128378,95.1254158810317,3.315490803265515,26.853375606760732,82.32732126800302,18.577695469870783,53.56889704560298,92.98704822938791,55.07572806739566
32.89654700855297,83.90265886189323,18.913962940005646,28.746166489725013,55.619069263001165,8.496628988946641,39.419049459990795,48.37968965827963,53.870862193592004
26.957999576221702,99.834728842667,16.99950742961324,65.67560634745571,77.95167014240634,43.62460263571574,84.82031285528954,49.044909673594994,87.18563375533529
33.437484700462335,48.05694523613681,13.380446746582166,96.85373316998923,1.620039733946721,65.83074395060619,49.2982710458089,11.974678850053188,51.86252630996289
16.76985004103839,81.37506311449016,9.245911220012143,60.363720055937506,81.83804247795352,43.771682493354135,47.190251056452304,80.26562441522198,56.419673225395705
18.919657248382904,52.15447308873937,8.235310831690171,7.697946706496628,4.013885908536652,27.67541319513086,49.03124894098283,24.69654124670625,25.918974991856274
15.90454577821076,58.39004962431271,13.019469343019082,7.558361385406698,88.99133763628625,55.817118389044076,84.67850018697453,89.9612489372315,62.06094309421637
21.506606615265287,70.2004370574696,10.908637388138109,95.1423220845566,99.19627472386433,34.700233541219994,83.19415416880521,91.0824220330396,82.843054997762
22.77354579378964,89.8941691349071,1.2454621176377123,29.729079030733363,29.40674621767778,93.28676901266331,40.35199924402112,94.33101118741497,63.277288177574334
20.426980635477918,98.72667753594361,10.250052975406634,9.206698608247542,21.031855628579365,92.2645139603572,33.3299859870525,52.023048910309,62.082839409242794
31.57475018303859,81.46187310916146,16.12807234465679,59.90445871503815,76.53633638580408,50.23718199720955,49.19280240391293,67.70937847836443,78.06870159085761
22.135066533871786,53.4213425733867,9.18479755193916,62.36487782902661,25.302634092025322,32.78839940182585,57.277250973710906,77.85158800616635,63.74469009171767
20.618690193747614,53.70856018216561,1.0391315510853683,64.85048201186882,86.55623831722035,73.71324139566391,23.833721062799697,13.10146186504656,54.913165166659255
25.853921663164968,79.00658412711132,15.725563987680662,26.74020278575413,10.28425921574767,3.671294348306664,79.39550847155907,60.09571949974972,39.23558196863196
17.818484499495252,39.10217166146418,4.027275642719488,1.5110684214475034,12.595519637935826,47.47690060436513,48.648276573242285,3.4297901303311673,25.511892408669308
31.043939615080795,28.837929050511573,5.1724166977607755,96.50153694544719,97.91515551006155,33.63233942703335,33.40455484199596,49.75660833887259,57.61729584937741
16.491012873595416,48.36977261126212,3.294127068645918,25.089304569110247,67.38388982700046,92.05358851025547,10.68209929639906,15.48426816202274,44.42009701120168
34.73773873201034,42.97911933232654,6.60430129742995,67.60262880525475,84.68872244289528,1.2003027272682543,23.884516040360694,18.29229259620847,47.60457392034326
30.444895385933147,43.7046496364792,15.1350301137727,70.66298698787095,32.4329377351518,55.28148757183491,94.92811717559837,36.50475666926015,66.73576022296945
18.974313630683447,38.688620083992795,10.387717190078746,61.00074170794857,67.64837495206044,74.0663581066626,30.50996868195266,43.243716671650304,60.7450569103084
15.110442342472048,23.36745517090895,4.097625483014252,31.290739421364822,59.42418273085972,48.50179875240413,16.885928936703532,62.317242453218725,37.52742515750885
31.309228569096682,21.429914778673105,17.556601563040818,27.109625376406576,60.3150120122947,8.540303016272166,46.06727916549932,7.442841843851566,40.961645709999196
29.137146876952343,99.01779117888252,17.591637099030585,59.76682827027031,68.25324595377215,97.24613900279022,30.70877433602487,50.36917612374447,79.39605040164312
29.580143360819747,54.22185069886899,17.41156850092014,86.60956336116915,57.53591731290986,51.801043137609796,3.5159250271194153,18.262513025310113,58.38727550182329
30.425406933718914,50.74613177277453,4.775924227630785,94.67337289233956,42.906236930266594,61.41862443190114,32.314521727941724,57.397517503174186,68.47256030239507
16.480893034681806,74.3717826154456,9.024786883619761,10.590580440375764,27.592269438054686,23.660978270750732,54.41086239394686,63.74046122611835,45.49381397249824
22.169314570885454,37.46031102920513,19.699793122817503,15.482861259771985,76.8581330913202,48.34980851068038,55.17123720199669,55.67092565528539,58.378970105895036
17.317381190502594,95.99689471601803,15.440249526199807,94.47362587830797,22.62724300031862,42.914949195832186,35.65589211768887,73.82955104783076,62.86165580273272
32.26206851751187,82.90760115324417,0.5433484245111964,73.65352283347926,69.23543061544142,7.489584200198374,44.73027562526006,33.56092442409013,58.51797387498597
27.46596253655116,27.15288018498076,1.304091825209841,88.29938248297731,23.333282264932663,10.616035354746723,96.55179182347663,76.5106591633131,53.48288322120197
21.617960497052984,53.40646206279427,9.278627536246656,20.263263413534315,62.53301699544539,83.74725196187745,37.73484772303116,43.27670817081937,54.39525901345949
16.27116700572047,90.32946460497317,18.184404117231203,58.758587110940184,74.70782671290289,23.981995220659023,25.822681325998296,48.41844983225968,66.77509179846254
21.219646434313244,95.57856178331282,10.774035959054284,70.11395944174737,21.87138889065392,19.495827149863054,24.34670440667601,64.81021272610714,59.80464349697219
21.503666440534943,57.39212089998958,9.956250160685805,68.01118854469726,5.994330086130828,50.49114512501392,45.776461270413414,1.835838399922396,41.71799188706791
29.59212356676128,69.07291113685662,2.1094739991326117,40.81516908666981,13.097374299417408,76.87471313625129,75.9520148716944,65.39942214202483,65.81397735547277
27.751149427104263,33.36271568736602,13.135602094485881,1.5394891691308477,60.59969672710255,6.194651857898792,20.59881841884732,61.858514907211536,37.95395651268262
32.744254851526534,99.29349009095813,16.44206321200451,58.29260568042631,84.94464062257356,57.680791963825584,70.92961271407681,30.984711675327993,66.40020159495808
24.444298503238986,38.53373611067547,7.608400150151247,25.310153917960875,4.499682123542437,11.921044284057336,2.1149823349416286,8.579428489948949,26.458559653853328
17.391884918766035,95.41854193081005,15.51223701850655,45.02542461428904,73.41512590416463,3.6461050825618457,41.8932977983946,9.093544991304114,45.440524912335235
29.2648957444599,71.97173191938947,19.289533078016234,95.75810150838173,34.13186459500521,5.274395216221739,77.58650652027869,92.32237469852286,66.68943034286775
30.21570097233795,68.61894359030873,4.075329182553782,39.903531764243475,47.85283699195225,83.41641082084413,33.873295577443145,68.92793212258371,57.87527537702087
26.225543951389923,61.015080881320685,10.466592623894826,83.98016066644267,92.88595498455656,11.797248362806156,56.37371014453995,12.710261377074039,63.50035782886782
30.41934359909122,38.45358493742069,5.742759161691511,18.854060574925114,33.19715047358455,4.515136441229195,20.49792328259108,35.67231693089064,33.569585709073216
24.875911927287817,34.12224256044066,15.857088380676787,67.24604980250288,46.5336933939486,43.789988714291226,74.19953911261723,59.248299390159644,49.959803928934704
25.45465658763988,37.63889672561403,11.55186731762315,97.70069544389435,1.3682414760681105,84.39934719420248,5.227910326875962,83.55717050906487,64.3946044692358
23.550820367170992,34.91506097154036,12.691648351006075,10.189310087293679,8.159872000483837,26.240837648930192,85.25426448755003,4.366092871300853,26.280740086776962
15.508382534881903,82.36675788534026,15.958283192317882,0.8319942227192012,25.859159113478402,42.17126175259164,19.819638642166815,23.663313147000885,42.71481486069923
17.157828539866088,48.01002073333841,7.919409453249098,43.35827926326144,2.7852240821074403,3.9922532563751223,87.43980317083307,88.97489902953801,41.458198286180426
15.628583713734685,24.62741412507171,18.301801368140865,9.26254830513672,63.1375326048251,44.907851413487585,35.25292413005173,0.9165550183816484,30.28170198633319
27.72820822527561,97.52821041126491,10.6605773449228,74.83843496762313,42.63983568016225,57.761308063713365,72.26835744744866,20.13991027938874,73.95764895611084
21.287119621526536,90.70287079707406,3.15909645670696,91.45486638485589,54.814520272802206,57.090705375214476,31.922529778618845,95.90241759729659,77.26149089765528
25.171413823294056,94.22018265561704,13.91798236337605,43.402097270875885,17.464718589632955,33.242669217436514,90.59116712346476,61.34018465221711,70.48543940650083
33.15132947852186,99.59262581171483,15.865227008765089,25.871164215544095,29.593202943661613,31.55331806631355,12.663712551837436,26.167136663750647,53.561706618423585
19.9858445829775,33.91161993755898,6.335233541350533,43.44033190066098,66.38244748527251,10.662361893659789,17.85197892725987,6.699109439584761,36.336971954695166
23.207658460712594,51.699361512212704,17.14358513997506,72.3447817850001,96.53027236303998,36.67983206462684,49.303012515880226,2.8191340447222157,55.10616213429988
30.111022770860973,80.6590780563273,18.122865095315326,0.9054161580370979,5.04167736022092,9.949466887296465,8.193843903814614,24.474507963692727,38.27096171022611
19.57596330983245,75.68164944430337,5.538089747556178,58.945398948469716,89.03843208552661,76.65959447120517,19.598018470176193,88.14858195889104,70.78786726803565
16.53959819657586,32.311672507188405,19.67042945430444,61.329168488737906,57.68812013112085,96.62742977481858,94.37663822120143,41.59136542975095,61.624373308821326
20.79502905827536,85.26664999924942,2.8142305609751683,63.76882468959355,56.39195667556237,97.00744566667069,97.64896611478872,72.0333369165993,68.87086113959312
18.22442574508009,37.95524574693285,4.0403133680498,24.202207998087722,50.027853520776034,86.50710993753938,37.62593293304219,91.82850353799577,52.984277736549046
33.59395304685146,37.905409185809845,3.6844967847605226,71.40527233781268,6.9394085904183385,60.07921493396191,92.32860210139357,40.80404616028166,59.230162507865444
31.16240759128834,62.957953831473084,17.87979420015741,9.13914863317764,8.987685173616066,70.086569724388,54.48246756734317,19.127737103739705,44.96991665330225
27.66807513020847,67.43519478733626,13.085851046499236,19.92703364668008,60.09120056590861,28.520580268041407,26.974246587376705,51.71179308569195,42.84138150594887
32.429211803754356,66.40689662702489,3.0420856644454575,87.74700466544819,34.09585714355583,63.077042017262066,70.23987210805987,90.80836870598544,80.69156333150825
31.07344153798229,27.31894699182039,8.80646836736698,73.87231507265663,91.72680665776807,45.56495494398774,65.89018065748571,80.43744141377006,65.34461614795872
18.731401177720716,90.19686901043043,12.30596050139604,1.3745554011345251,40.659053735947225,48.20173397769325,98.91253191087334,6.582984336315379,50.989754701719164
32.85117996979956,41.24800340709648,1.6692816997876658,24.83762603698002,14.328145870264109,75.7776560375158,26.50472874092833,69.25728000775818,42.07577175686314
25.786844838313016,30.361193702624334,17.648327368146774,21.440648299316457,71.4718833502036,28.191835559725163,67.20595026617355,57.18975224589538,41.96819042031459
31.14880310328125,91.09984638951818,16.072070708830704,27.080632803697256,29.335342144100984,31.803961169451988,5.202375502944689,90.74631763464255,63.758489382945754
32.92182599846986,96.45211985838027,10.104135471532764,24.755977027988642,52.54703073558932,92.46417911286366,11.36460386967194,12.248141685029722,62.63030769076256
21.360069499437277,88.97020938123605,19.342532305183408,6.252629574284574,69.783278550517,5.622429485097225,0.3918374951093262,53.40361132046566,43.25078078014487
17.201038490553536,84.76128597799024,8.355219585501994,45.894051659682034,90.02641112020704,48.56342984133404,99.94606810596731,87.94626935118923,74.40756180148507
19.558703250838832,72.41935845112174,19.682206380729955,73.27334747861651,79.2191194801676,91.28008004078617,80.22736971474778,41.0023786741743,71.24435889666017
23.542155772525128,64.06858964873115,13.35839997607254,60.67317247174364,67.63610678727241,61.0363007818157,78.67230147335408,48.19949177328671,73.32863890676549
31.36029531844986,26.958940792912813,12.693425465078828,67.28716685980798,67.96331823951436,54.64070742121321,50.97260752881797,7.046067766695829,59.067579126655005
32.21461166512687,52.676257045655895,3.3190979059157,8.114917853623915,94.59246440320865,24.974417922935523,30.006708290543994,27.814364044891082,41.608942023854986
15.139042610623815,49.81508136098512,17.63855516609288,95.14907101767872,29.582409749653603,34.327548906444825,15.126428446267592,32.45066491689473,48.39281201397713
25.214946051551316,40.7803027008261,8.549793758412303,83.84918338430248,0.11120941961874076,85.20484158046929,28.467473884646367,94.51224487448869,47.81101829277864
23.348220062975578,77.87360909508679,3.244668115649587,80.50903184956627,27.19545593981987,55.921813176845816,37.597122192913915,28.266736054115903,53.34767441738008
19.442156209414605,59.67005880630167,0.2521503995151808,82.29838050417675,21.7891379626744,51.47421937567799,75.6310096980294,46.0868735269652,52.622146375492235
17.397307346673657,26.483697272611835,11.19511367276765,93.27105081327613,66.18345851139982,9.957971354002893,53.96617889031524,67.13044235642798,53.071249119577104
21.75230342807256,37.6146561559849,10.547992442453527,54.42539661136977,63.3711599765529,1.6028156455123121,7.748362655548268,16.21833724078774,35.739673067968916
33.858194078250385,74.66070109276768,14.387072447383172,20.02820178676259,59.34613827047238,96.36851886870491,1.802900895891224,48.64423871418745,53.69426290241166
21.464058640415104,26.090468759224017,17.805161060356042,61.678360785254114,1.62434432094537,37.698616728684165,10.233217953406315,73.85390394759077,40.78840001720884
25.37581243486732,88.0965531239015,1.5881316928605904,74.2881493667939,72.87780544506475,60.32130620995043,41.049871369737936,86.6855213027066,76.36893312020366
29.060379177903556,59.611722161117946,14.629929806807247,73.79173933540254,32.353041248549154,7.971507318728499,93.31929170490183,62.62592746624267,63.23863052110872
22.27259204758588,58.44692618613184,3.7482388819516443,52.14490241668801,66.50559890066312,68.31142857230465,63.74024812092216,66.90535153169479,52.74820821331838
34.435641654419214,67.3926227727614,17.163541063143278,6.845871933357806,55.65784285021533,93.2566708705961,80.18258998755151,12.628347258456895,59.3166149734518
34.24894589884222,85.97447727401193,16.38127027723312,37.11129384301278,34.27309254279072,57.56652529974197,46.637459450454855,94.57764972463471,60.91484748023444
20.035645916507285,47.824736632175444,10.815875099710887,92.07666084633573,13.457626710410775,12.611532237541056,36.16660831950428,13.257407748448236,50.693128966388684
24.94497011784771,74.24129220472508,14.20485597246623,58.4448909757426,9.441889766048096,58.172152747347674,10.840037271662272,77.46729371817983,62.284997747012696
21.017566196335395,65.2585571196633,6.287002263674967,53.83319432557134,83.15183331122236,76.63472131046524,87.5933022186205,26.481632177831884,61.057347179196924
20.696809887549353,41.362261613553706,9.423357978656293,26.885351438219352,91.8397542081558,40.64165365740187,78.31600290279029,93.35931437012516,51.95771153881095
15.737738947090655,90.29039890841264,16.432737954209433,36.84489199165789,64.97880467642996,87.98377479414678,16.811809759772512,71.99595393694796,63.39769830663887
27.191286679597937,83.79408172855425,9.185303943464278,89.53460891531692,10.343411486048337,64.86829533573645,51.22605638762605,75.38137129783689,60.55198505445587
25.05358046457723,72.67614677267403,7.155965306508836,66.64630475268358,40.20272168882407,89.92489182892025,48.73748079212449,21.905917305988332,66.34095319928933
16.029575024999787,88.04653832753935,9.884248945005998,78.73870267523328,72.89392001051573,62.35053112473372,62.50915526865286,44.30399766351608,70.00994919746022
20.57292928473223,89.3835360767842,16.56498504874437,45.434542306765515,77.9820884010068,13.128797200482422,94.61868939912613,61.78131945892864,70.3478237420983
33.165317719333075,76.66903813720279,6.704160947417455,63.024721945615795,11.82186222910886,30.96917111051891,57.97714417624796,76.99736182066009,56.56038978070316
19.79123781333945,86.96106626909376,3.475231862714876,24.838360874320752,0.003071884538241587,20.17949482524569,54.02172667786186,10.395937591238958,39.53997796344777
17.897897441824462,75.79771693354269,14.240280406615614,70.54608302834863,71.2137045880605,90.88264977168623,5.032293293466394,96.23653164545284,63.912081260850414
24.78905520555126,74.41126174082403,16.519564254161637,42.76013337033373,35.659617598620564,76.04000672874827,6.290747601802393,89.0220670554556,56.55128472649121
34.71300908221201,69.48891025721474,2.0127495704706666,44.25455148147456,25.448133161826025,67.6398368910006,18.734679132678888,27.034859049558435,48.29678570854813
19.84110543023001,80.2173311646113,4.7974822551188945,64.93223245768817,1.289746978952544,30.096631963162167,3.247077169174828,82.2760243032332,57.8883812838699
28.442710948117572,32.68840842344589,2.839439795219878,93.62806214689266,54.02994067614997,18.40447720502135,74.33528955700123,51.832392303982346,53.145568379667864
30.23239230657435,90.46966073591427,6.9588282316433325,6.400634660862092,85.11507354259817,75.64510879889119,72.3330303993963,46.18064815620186,66.34160399624618
19.752750879847994,89.74748221961856,9.007019578108252,82.47432373470076,95.76316462725879,47.41579458790797,13.605623443164294,31.44341058114054,65.49838553654897
29.56432697223719,22.33978264276473,14.976526739266129,29.238311041219312,56.574495061328925,22.578955215062912,83.60789007952809,58.096858663159246,39.415826304093116
22.355662654385064,86.06534004518102,13.022951697633482,44.391945450637785,51.44613277398942,61.66219781652751,15.478603484611197,72.98891177035978,61.4540580119003
27.64611661187159,30.309589397875616,12.418571349568623,2.1913328775008956,8.50563854892411,4.0333852138451975,30.11755869973588,41.09329049627583,29.744457826854187
27.670594215217896,46.809508340731355,7.047498932193088,30.1046077834313,54.887280154259976,32.61702541282535,24.8976899161365,62.92191930082921,40.20604753259305
25.71549368149517,79.48066050332862,16.8289510616952,50.26312426301305,37.99790789653946,46.85569945911347,37.23070985730478,69.93129211553037,65.75169060159897
16.805795401088165,32.860791683864655,9.42574334796329,5.617607734743901,60.71352808835769,14.795833410940585,25.466376588996187,71.11218170152858,29.494298632576744
31.70604991178476,85.43736192952497,19.58209876030309,49.10957293831652,38.87263478765467,98.46544775908396,48.8950926438452,5.196609813118025,65.28171611558561
21.415601299434716,86.57073423661936,12.682842765914737,92.71106288584274,24.029912345036674,20.909736458961426,40.74078813546854,85.97478056850669,69.37642712983664
18.730370207997083,60.597418700866896,2.5252948312900547,10.539321810780521,9.49652752283765,13.035313004326554,98.65694907793265,45.82533147650479,37.291121296744514
15.815502831095278,20.510869737346688,13.523551241508681,76.44407280755044,31.491844458889574,20.35348738868964,5.592635012822567,26.241608169621443,36.763221700517775
26.817858863764837,42.96305065399302,6.50208030863398,40.967105337599264,9.664483428775227,76.90611331597242,14.218137638735161,24.176450747968158,42.72322347144592
28.55128723684565,69.35415347005937,13.726543933721949,65.5173714524338,17.689695082398394,42.55056592718428,5.282589390860249,48.301411284395044,55.223174917475696
15.331756578557123,98.49489424219388,1.3928229632481148,26.023659798522935,98.73361585795459,56.541593975253804,62.58411949823758,88.68315394689591,56.214538437286805
25.24186116598562,70.54508216133347,3.4976287435191877,15.949226254135828,44.41035569066186,2.1009156986360744,5.450927741371958,37.83475816826469,28.85965089126894
19.529915503958758,40.78428648513278,17.114745178115726,16.046261427122644,53.187176650501655,3.4431308573314556,83.64397373761233,74.97257467835433,46.60818750009345
27.903455808188998,70.72045624796891,4.543591140470298,7.049194564314465,87.36185287372153,44.582554982701616,51.19386306819278,9.68187309872186,54.83957756809648
18.487328580099827,63.198830377268436,16.7408225048588,18.564670490124303,99.55689004906878,81.66552432016235,52.70076245815337,47.60567021510618,55.25369104470032
28.81875476204932,82.3876316120915,5.585521769088208,66.42193849889682,58.27144493446815,88.52388787075652,56.15945077121942,99.16861403927356,76.7831426910342
22.734706926010748,28.558451106156674,12.857638201174153,88.16906118435081,81.24738210441717,8.670656759564022,17.081370630621073,77.0437802792337,53.833930901261986
33.73459977473469,80.88223220016224,13.883011470196621,81.41256855911618,32.694102433667524,53.836310210102276,19.769030311448756,21.0528488440613,67.59903611354031
17.750418882919867,63.301326294088824,10.253095062901059,68.51343098744842,30.57439574472911,91.32296862792705,31.88173228730047,50.14414736979107,51.21119417133988
21.82132702100517,97.03936030871957,6.106213533934626,11.043186341110268,40.27037209945602,38.797275439788635,59.34964158218514,23.362476364856654,47.61844656751988
17.269470424811782,47.34977328309489,4.252887527421922,28.918744629594983,67.25072626736491,82.95658314283686,21.011777594021453,40.95609272625092,47.142416734189425
33.49387236557126,70.60975145071585,0.6637870912485244,30.980687532246897,68.21916892550988,13.36956543994362,11.633172713326124,78.00840237349648,55.30351534589203
32.54678706761962,94.5622484408014,6.078928024814476,24.99569463976212,31.52394346494508,93.53944896677987,97.01168864184322,77.12248152904037,86.40445748936816
20.15883255430311,28.20077823925434,13.06325581062566,51.50056597097231,13.320992413662868,75.14233175313026,2.1981814809622913,22.810037790238514,39.32168818930014
28.19968092068358,94.9782789789161,18.766096368969652,53.55538148796726,63.239625646550856,94.13343927869016,80.26974053360216,92.22233181548602,76.38876315472048
31.344444004024318,75.03085778406506,17.42408964526104,35.68859751711102,12.832586218876452,67.66172335525064,78.8035149575022,59.25681827648268,65.16227143201515
26.10401623198925,25.42696472841375,15.321295530706053,35.3789158736436,57.84925082293301,36.3403931999427,29.7214113845096,37.992429096201455,48.174270614094205
25.59301156712013,44.0770853557453,15.768946865065974,82.85555979060814,69.3422128056309,93.81811725247225,13.56266160073134,50.19355807808606,65.55626023816707
19.837045818009035,76.65376709162253,13.299698069519906,78.92928483196856,70.06114963944516,27.556677630917846,14.562864670542341,60.50712534377437,57.008740079372444
16.862055356117985,25.388048117501736,5.20573715132006,30.779583168074566,75.34721106595967,33.21725220617326,69.74316172371925,55.98905318457854,48.222905978275584
32.944315159066534,66.57363681410186,18.143900614116596,91.37884438732593,87.28594215656645,70.08084180017403,64.28065910861737,48.64050355361782,81.37462256522653
33.00836114326661,47.67064455623654,13.414646238116681,95.2815017002506,49.995899196478845,76.53162995253862,78.27456742513867,50.49328040894001,67.11438173276517
27.66202914546536,69.67324142139816,11.2088126196088,32.67425420300408,73.02491895295712,92.94034838491538,93.74811723991047,17.641191042788616,68.22269490150592
21.780595820974014,23.65936270500103,2.2197893842696215,35.442494879305485,61.91727353658367,20.48024090562095,69.1927363266592,81.27329043046794,49.16718080955259
21.984191492253217,89.7229444921901,8.941110876128509,50.56341534219588,18.663993979768257,79.7998035219224,15.585153655144346,54.176031994101535,67.20178197456619
29.519113577404788,97.87911753419175,9.207165424038525,94.11208125336735,2.568964486940817,73.85460533969635,24.344261676541066,13.107986170470308,68.277071678851
32.94220519905154,97.51022842285532,17.291272190453398,87.63194331423115,28.454138567693377,6.379455625359787,84.21937308731145,76.61571015827779,72.47574145107917
32.741728485302346,79.97214653943398,10.932964403755769,10.25679625835898,44.30337063376194,38.722314121020695,20.93060758342086,93.24439783773508,61.299412926735556
30.597510917152476,30.406899210450558,7.608010979408193,39.27307432714162,61.71059444286563,28.27654570600986,7.252231695448142,94.7306899236962,40.33682553729598
27.840632923085757,80.6610556743218,19.536006570213186,55.33711897497719,84.99593305032053,30.44904243540304,70.32800540422505,36.901773241117276,68.49810256551537
16.682799299900978,21.96695331670412,2.2144118665263135,50.313247255154,19.624571670616564,98.29468795547008,40.2526355490142,13.551687356075403,36.12834886422506
18.232574281892276,21.76988412231978,8.450968566238892,19.38630679368927,12.55497898984771,64.27774134799279,92.00400525459035,51.839962663306515,46.66558721309271
32.97108377054158,45.8888175319633,0.8404935034281058,85.88167711681547,96.34799474743275,71.76761577934995,65.02550710936616,11.260922934922068,65.4042962310494
27.1285811931918,59.091455232373264,14.798082415338607,67.69407829968374,10.80445593764071,97.66176373150091,9.041897779166074,93.39874185126172,70.98665648305773
15.183941032332593,81.63259342462345,18.361531043983014,83.79083748518036,47.84910701071892,37.72017824576387,94.78565672536607,18.357962735514597,68.69009098529135
17.02943085732064,74.66363012852042,5.600746591009789,85.87642793494722,58.55637287933019,80.1840168452806,25.85572636402459,25.276585995116406,58.67050426529677
28.270035382161115,55.67221651013987,17.166833535982416,74.83558536657398,54.137442090743825,43.45309633044954,33.72124904062858,40.663652688497045,66.43454433783604
15.101231676924375,41.89013330253327,5.844364609237955,43.92106012497173,8.603215703294321,86.95336718149798,40.2260413683542,38.31644685591258,54.177571347210126
18.216161028349973,99.76996001261689,18.215403232878305,61.054675501542455,5.702691400361937,18.06575413113032,5.122429640431325,79.4662892397889,61.501020507623295
25.974675787331723,54.094504178877834,15.079238071935679,16.036540611974313,10.548342746103568,94.76861770642796,49.65154222306049,45.631682055096235,47.77573264731331
28.837903953853864,56.11096194637404,16.09813553682877,67.36454174749078,58.55876838726125,21.877170841087967,12.331849107529225,17.07682600033369,49.114990556660715
28.03922519005201,33.089905695333535,0.36013111200909,17.925325573928074,54.43448876343211,32.622050698093155,40.097032668835176,26.72098954860741,38.06902355226621
19.485386189211198,83.58476389999436,19.25620714148052,69.39495905101568,23.374079203674427,75.61922341067805,35.07097879920843,50.9113385187522,62.2692008802952
29.24358442695072,75.49457806251908,14.533419841406465,22.959816075396866,63.777414184559156,39.37551415654067,77.28400834265034,14.745391742613489,64.36743744778475
19.744981749936002,37.66156902310083,6.095021907722666,11.755130015021997,82.00675020556494,60.82113767664467,80.3170511632731,61.16556756460141,50.79790597338963
21.507993963185356,26.590483649267416,16.58789329717694,16.52844901429574,4.157895984659376,44.45735010694285,15.3412882389088,56.57473065511459,19.653146667081067
29.92982810236048,74.43994416597704,5.630423968298599,0.1992135219070268,49.81299435480424,74.23699370897819,36.65511873792262,71.47023163822577,57.099503365051696
27.992657980944294,72.36089714249081,17.455076791322558,71.87396178535302,68.93104121026903,22.833125236861086,37.33531610318317,93.77046153793677,65.16893924225646
31.98446820988356,41.86076215985675,2.2516078082387403,73.24010490583791,25.23119270696871,5.8457987236877,15.141044393608505,91.22545611011557,48.70829950436285
28.15225784600687,96.06908498003283,14.073719549215916,51.493334991325945,30.77709052931491,29.992939747306625,79.84535050511906,94.60756180688314,68.05151794675704
26.36617206670943,32.08463134247202,10.813969532898206,16.13628010553837,61.36379029893838,47.43086648684303,70.72283283354233,24.471559702370094,47.586041246218215
16.87349535656185,54.586784083408155,1.9306894039088163,8.355433751068976,89.7935293443737,16.80200521926786,19.038178629703474,13.156530663935461,40.98699832807907
22.35431606118867,95.4892736134079,4.83787656517678,1.912896643728701,80.99244203028994,35.47972896563887,36.6721908593799,30.22767004964485,53.213329485301394
20.30404735363451,53.57818535408978,0.2480807255462958,16.57481769652207,58.31302190995835,39.998301829356855,10.580502485651422,89.50851727663147,42.98132969868602
19.87979286758167,71.08207581312683,9.375359309290117,89.08555349831467,73.02217177572491,5.739184368827354,62.820659709304394,97.20534746234883,66.91688093562873
34.46021109504891,51.80755183702354,6.0253052152000075,24.153684170168177,36.482247020779866,58.33072481842046,12.137192454861967,85.9324951070476,51.32728416800434
22.861954493335208,41.937216187893604,11.967149685955176,35.42713272172156,64.09655280987577,88.43434279712875,98.59341686249178,11.00177211275436,52.84556479096888
32.84093110354227,98.71821183678625,5.944756154172344,10.534548448133318,46.6181591127557,15.174291295305242,78.06820746878623,94.74279980597932,64.64415897891584
27.622772519945258,52.74672050520344,5.998382230139693,22.236130474817028,18.993613645756092,59.7808013401514,39.023854958399504,42.3358027350786,48.12315426601726
30.896226070832967,91.52793629433076,14.863863974632068,51.922457078020514,70.17382738772572,66.47392049108463,57.85639322793544,0.9310290762353679,75.3343421483672
25.052741862103844,38.39636847128689,0.962856719567069,60.775268309565256,55.646463734882204,41.93346804192883,91.13418162164088,44.23937407481936,61.08316789716694
26.53807769252718,37.04837632200666,18.057899903839743,24.535231416621105,35.86215819535914,70.109758736427,55.40992803958261,4.606916967546759,41.51523819992226
24.850353876377277,22.49072663076091,17.04527748782363,5.773215922511721,91.13391900786307,41.0731543491012,17.44984863979552,54.387792116111754,43.348843629566346
18.90485975596089,72.13334603007081,13.35609366452813,39.10328691273987,2.0934117826733267,50.46372879774349,37.87033555811593,33.855402743705135,43.72557327917177
29.44904230523011,49.48210749790089,11.864431402147686,23.420337092633414,31.5773151249496,0.735304455442698,84.31448650297455,47.343493359404874,47.58245736664664
20.615447248817116,89.14865998717096,17.846049962793046,21.955392322980195,5.688139777764656,69.17201141346888,64.42130159896179,61.3170360743117,56.47516359377648
15.486319328629076,57.85679253532457,3.706603590574289,95.98628027134552,76.65273162216272,66.13426789447244,65.07243843338003,86.88010958178202,66.52774255630054
27.909445918143355,97.45547423317774,1.5793832438165722,61.63004859257241,70.21074541137926,3.8400877326344562,86.68214856884892,66.19015764719286,69.58416457494872
18.542213588140978,34.84204125624969,4.790203398190762,55.68784431720959,33.13522187363171,36.82501073951331,89.39730574625047,43.40488684781807,34.87393118060156
33.80917168705828,89.48985343644887,15.891565574003806,41.57751035233219,67.5662902207073,97.90318407916673,91.97925717794362,81.9427853670365,73.29388478821433
34.07857154005175,82.12774822333934,0.6934053345296665,42.89443334301443,39.593722619594985,42.07365625686168,9.48491932531561,90.55821375731323,58.82568057651292
33.29728780440897,81.67374757152416,11.656136701669793,54.090500383808084,75.62537914224343,50.19454051318417,54.41260019631009,11.975996643219721,65.11693132454499
22.403174005108887,87.58265824935101,19.908750323826197,69.64298070361072,45.41836627367061,90.99301581597186,74.05095212183186,53.19329775527915,74.6001455898495
15.309132330577349,80.88191927543991,17.113921876750787,70.21460961818295,41.22797278316656,71.72618758657563,75.69268451270138,28.451195974244413,58.82216169459197
33.566371251754504,70.09762573051323,10.428913780871788,17.169390770544958,93.4729915488301,58.20701311242236,60.67162019700039,4.706119787694741,53.11919893891776
23.563682966346285,30.499590214591006,1.2728181857328469,50.0112752076627,25.087909989070024,79.78046813410725,16.678733518367416,66.85466951139854,49.67242837113075
34.33309638087339,22.602094359300153,16.627470287714196,41.195809503410196,12.044733999656543,86.43662664559733,79.74205539416643,86.27707774592255,60.364524511882195
34.272399541785056,93.66782782525495,11.97957016354421,87.05269662693841,58.45431132594582,45.68880717372669,72.01113335149458,16.290265447739404,74.35392816936584
32.060189109347206,69.33202516165905,2.2986599411913367,63.14189212183764,96.93218122841789,47.51083649318354,8.613577154903629,81.24136576239005,71.51374723249879
20.888977841391714,83.7229832780941,1.877145696467124,53.25040664159818,37.783921372718666,38.60509356518358,46.380982467437626,85.33957335369416,62.8572892261895
22.701954572038506,58.52178812100401,18.19253638873185,11.539464217891737,6.203676362878152,96.67061400184606,17.39773995218036,91.43404426664836,48.744666592407214
32.02273343033714,29.38465511699156,13.384005258761569,60.56378893234115,33.93052673095674,69.71662542903503,33.74770457129719,26.528508908605243,49.54899995201459
21.338440103125553,30.014863376204033,16.58573598633511,11.720390568023342,50.593165431955846,8.322306620807229,1.8081092205685434,90.39530651898893,27.25085971077676
18.38985493372185,74.84522297831771,17.579578005645345,33.720657556575205,16.19230066322137,86.29596233130185,40.032986841075825,32.06627547364322,54.84218613239006
26.136025249167005,54.424471591957015,11.435447040966444,14.284196481433186,65.8102218056492,48.05599408362681,54.987692115621044,55.23380134555028,56.39115556050373
33.723095483215616,36.04197813602694,10.348927035100825,69.20736470243689,99.77493890102006,6.875390642248746,61.95825928270868,5.050747083228213,55.65738872131177
28.92059593349946,59.327563739314954,8.608548206419805,20.62521138361526,45.17394759814438,54.971725516331105,66.34903451287101,4.388108836874361,55.77130877439885
26.4012234017873,25.13671496601073,6.338931755822386,39.1859373188026,35.472855673021265,41.716427897570206,83.629131310246,72.03732127322029,46.84954178046207
16.943529875415372,66.5577121531519,8.691919217174235,89.56747776187787,40.070416683446666,87.7749404862625,21.546290727573002,44.4479977977791,71.44298100225484
27.300144533983396,41.51947235480782,15.477593114603128,20.431638339897027,11.514617839520113,20.399460360938736,12.048182243846794,25.629237536921757,31.990479767996682
34.801077002085265,83.80472805097506,12.03846862030263,50.780506395877914,88.32736014262238,82.6464609492183,85.15371718979256,19.04134960249102,82.36051393431312
17.801680304730482,44.8289567138859,17.850465799096924,41.9271661166022,41.4825655521352,55.768869118545275,15.661281489264988,66.9953490859218,48.28071260637897
25.366593047274733,56.4176119265441,8.867600287583755,1.8124041045729733,38.72744114248413,5.461030321346905,97.47600813361953,0.04015440253398728,41.38667354495779
32.54746143855911,20.92964319264805,12.14179157437508,79.27581135728128,65.96902729304743,97.18453013254846,84.2538229398637,80.58911691968542,77.70751829403348
29.815372355084087,25.795751023564712,12.626151061839774,6.904590631459973,44.203342093112354,51.26152441031999,50.08766058895991,7.924960612992882,35.61207709613285
28.94031481990536,51.399484512534784,11.83394324612651,47.42550209769536,64.8233468807846,29.08768542315825,98.14214249220252,19.148961490811946,56.458700318137865
29.049681679742186,58.39510677736988,14.052675461710326,56.06782949389499,6.144629013078751,46.94068419892581,9.737672910800422,38.62363952990896,55.57116231754987
22.189823024395103,68.0016438495443,4.748669367496126,62.842645661458704,81.37233437222274,85.7857783517489,30.306576117510165,48.48587397161036,65.15751678636711
20.871836885289866,43.33300629674426,10.247275550915813,68.86316293078755,94.05039528794026,30.49031243850635,63.822441504061146,35.49951158139418,49.710846849152624
31.187223109570272,75.5985508901234,2.0844960561669534,25.327238352271507,64.8765386159386,19.26763964867003,35.00068684731787,32.071216498429386,60.43395215067491
31.202267893583617,88.80979177513636,7.690226552896251,0.9978776658449373,95.45659288588108,12.907124693088146,92.83725519807918,96.39160120731884,60.97202913936806
32.341446371602075,82.38807911146799,9.753341372425288,72.3443662354912,15.143231436996329,29.785939839021125,6.562608817781756,64.15796812433942,60.079380210762274
33.26481105112943,23.16950602786857,13.04448519090945,53.56565993475786,47.74161894803537,78.00480870400435,54.941183206096454,2.343295536738821,56.424989009837304
25.226847977218757,58.44055578062631,19.01062105172407,83.61177032072487,60.180673394544726,47.16263651952617,59.08662673951145,43.01759084443132,62.01255561734746
25.030325893743992,28.39441427345399,12.013021330967117,82.13883629006943,58.17366474211867,22.748160369353997,65.27281237772242,87.50086997439702,52.30504099286191
30.965903579335503,39.363601269002196,14.871878323531195,84.33261677878832,40.14617790890432,16.61849996097492,25.566622333181442,30.145618641066797,51.575279861674204
27.999278615555305,98.93300746137172,10.125321189904055,48.50946599795402,33.80844093662614,33.27294765103791,36.45664275198644,9.455634477438824,48.351358802784816
29.03933754515407,31.39964343212106,12.682080627526627,33.362839583686565,12.68240225504188,93.99243728857088,84.36805296649777,75.83847715899178,55.084820579441974
30.91585338872202,59.911052276108485,1.4186443226754686,79.155820259137,39.17424505622782,34.30267125900244,19.494276897015983,60.60138319360813,58.59406431098504
32.800106836351326,69.45245874544952,5.08783161683694,45.12941130292549,16.266081510548513,98.81240759546354,82.68678471733621,57.03125078265039,66.06271709662565
21.759903137030715,76.19719764352831,7.237061864102774,18.34421964034345,73.43656764922184,48.523045576535615,56.26554229027424,5.357655960740793,43.3988522702507
22.51165905279888,64.77189467895313,9.449867100130271,85.49740195614743,20.883093549458998,17.916391829015087,76.21875111940821,14.049900979551733,63.236954962041196
16.87963879681738,20.781667793534695,0.9129749100476747,88.25598767723473,5.856530528453385,89.11400917935094,71.36073662634715,62.25493962131138,55.879465183642694
26.56560281992348,46.11690465951935,2.8004819510663537,46.63097561401701,55.236613781723435,46.03553731348269,20.7511495384879,20.782384145883583,52.98328035876084
15.718845475934842,61.416931470776916,5.536286155826115,7.569972730978747,59.52297327194016,70.96713435045244,56.88127364338729,50.40700797484243,48.44033837072698
24.311960362649202,27.02931993158667,19.430653818021014,38.782608991693124,87.19130612805056,98.37115832091517,86.77231528050923,54.488168602939346,57.922830803566576
25.85289269415153,48.050154496734464,6.626940142061015,80.35376594626034,57.69816124176819,5.0175350319974,43.211623680192936,28.35071902709394,51.85778589397121
20.730825042565687,22.656248703309323,9.64082116224165,90.17740285462287,34.54808537234457,9.669455978756714,96.65907702233167,94.84251555414929,54.34136399391282
26.816665211380215,26.28627977240166,3.9219542547678587,20.347274249759582,80.30118815263205,72.04567414627562,45.221510010171805,84.24641068355751,45.16927221130227
15.610004998780989,51.75386209612768,12.215601421515366,6.697361202527152,54.027889318742105,28.1825003295472,14.278563666788468,72.23735076327985,46.42395619564955
15.746963774984287,30.617260323444828,5.613664310319486,87.73504531328386,7.928028463119174,18.430139695009906,38.94346800776732,7.7993866409409085,35.88772107352543
31.452011213193167,65.40326786092464,4.1398515687685356,38.94049389788753,56.58505603132467,3.9361879819729495,95.17024063905372,10.613001930901945,41.821422977528044
22.20381282822526,75.15719753098125,10.33145256891958,54.176096426756324,90.80185454216624,2.1846711986201806,31.97208493398542,49.27813458649557,62.009118757746506
17.541210253037697,84.04693592872663,0.11011598320841642,96.80658120507589,39.631262549822054,77.4485603119791,86.80981598670628,16.071334919098568,68.99896600988585
25.444865201096086,36.012019539584806,0.15328065298450655,6.656472791422285,29.632580189980008,13.443342736955,88.12506816818897,97.8265463529474,38.526552520033924
30.399871061972217,33.398606580725584,4.3813761820371555,64.83180074520956,14.346945701802005,46.77206159711509,35.01865243319611,15.852023402740944,35.80381299831184
19.316420549936865,28.36542722675202,0.7344272500164228,7.410542257486707,15.144552193535732,60.5896815179483,8.325765805063213,48.746783546397396,39.4934253258457
27.457809516380003,70.91441996349093,2.1605150826138275,37.54689284665004,43.27714843418189,42.835180056884624,72.45579091588182,36.41210568415054,48.9917822534145
16.70694929987536,76.5180581189521,6.777212986775032,80.38145451934467,59.56798241615295,2.7106652336233106,31.1512299013986,63.938642145409794,57.39910480645371
16.033634423372153,22.526891586051363,16.051713591596258,43.34722327556344,8.061540516960175,78.35015025879089,78.29236142575724,12.90364088894249,47.760393352063446
25.62709263136296,94.89697969949519,11.440972867386016,99.71823539029504,93.95685890251657,1.0513224541653488,44.26548482604331,43.03164280423909,73.46384740886978
25.81270243220213,24.157702692117795,10.253354519128328,55.905928494660216,75.51336174451959,76.1889894377484,48.52667423426216,27.470503280714365,52.78355606114229
27.748598029964132,63.30370682408564,5.869776464162433,32.11621526359535,58.66239182836627,89.33044937881228,77.79094067485369,88.77515246716881,58.86830224977771
29.52182667445323,76.72484155607332,18.635074388656328,22.011132590475313,82.84386709389908,43.28399210571723,38.23633310616279,4.058571213469508,50.19309784612211
34.517041589250695,89.67752989968685,7.940300824743833,35.05205342861618,8.01867568121133,53.554247309779825,44.31273453229145,91.37274940064593,64.31850550922618
25.326006966023904,77.12695457059422,1.7418553359154298,37.25332737595508,47.68388777331244,47.698339261765376,37.619046876962216,83.29941385530005,54.670599897921356
21.45912945882492,84.13824664558335,12.341330322356026,6.8713677723960975,63.00931268616634,38.920861862343884,36.734051527728,29.757071644081545,50.502743767018956
30.90372389537407,47.15601540342448,2.276767869532028,36.95741994267732,82.86529061182893,88.74245353703603,52.594657690145944,78.92906546771047,66.95210664003326
20.416645025241486,85.18600909972098,6.904462856033842,46.423851973922496,78.34695600492677,89.39335106699905,80.87994445011508,3.121356033874756,72.19827834363429
23.779428414112722,26.409187710774013,10.148238774356177,72.27377522388046,27.706924971339962,33.581636464153455,36.176831192256586,96.68655502933936,44.676496112710026
16.56912762684532,91.58533248484221,17.484450493703516,65.6729484721608,94.08801695592042,61.5069754014698,52.42547205377367,52.65949425897893,83.75090358973438
15.50701486830915,63.8073900922989,9.870931606802372,70.87656552291543,12.434584143087035,92.69075621458641,67.07273254426008,30.328102606544526,64.98445691351868
34.2529682935585,85.3838215969995,14.045175320633286,0.8363681876857099,87.51336186211522,96.20584989413516,26.9439446303655,36.25832125946771,63.38976531391936
31.719602410244118,56.18546276146401,19.856336779981408,21.766739958053606,97.09402496046185,50.895904042204755,27.752280490239258,6.640535346049736,57.124797523436165
28.91948412187396,71.48621561572199,2.6297823979596324,66.16842883998565,17.715352322262557,45.28248052843268,93.34131270234548,98.93495140420391,79.79412485032972
23.179058888285397,62.11221287488905,5.49463051039039,48.398936817974715,72.20660642037853,27.869431592852578,72.35345733310886,3.9291945150692453,44.82149288586059
18.465886401416917,78.52716174042655,7.891521511952928,0.5313475668345946,4.028551877799846,95.887187319041,57.71866762233089,65.49071231478591,52.442112162582625
18.12874085342172,26.530398562447168,8.436563570776627,80.44946424318223,40.542282513915495,14.281430447286736,64.7720054420612,44.273592770645834,34.635443621279876
20.004857963291904,24.828166719245104,8.220421505310915,77.28095732903374,51.6283299197674,57.9829576047725,2.9299443103418366,94.89162181887151,53.503444669256304
25.984533294122407,39.768258720811716,18.1522200511311,54.841916299356264,58.064522590963406,28.255026751863888,61.81029655616969,24.599974030679515,51.941345476167115
29.291918454001248,32.76357440905507,14.280652889337128,6.646332577627212,93.59372482485595,27.90082903477966,50.95088732242019,53.20868239380113,44.21447681950103
28.203947534354626,89.74268532737614,12.158104281814076,76.65150495325847,67.22506872941946,40.496858737618844,54.574967977943565,48.2356208582753,67.85629893728934
20.598677938918858,37.53711898864354,6.187454357255642,58.37135877313639,48.1277951219237,99.87929358156545,35.94238268308171,70.28664440501014,48.33627671434692
34.097305613263885,98.0692204655305,16.475807684425895,78.19599771579591,80.96750362658894,5.4966306839822066,8.14738977129419,6.801023195242051,65.14082217515355
29.75793833391537,46.951663341688544,19.101210229699777,75.17469923958404,95.05328209544089,57.85418182035315,19.33392336120522,19.378913002335484,67.89733025649628
26.087081050228015,34.569433255095944,16.42396565100453,80.30020719578371,2.2066148682290843,8.257215803527718,95.07447132126717,21.456482009284983,45.14936582738993
27.234414924687044,83.17588057139832,0.03130210382945808,51.80080664046248,98.25212722560387,15.452082999051896,40.8699562270934,73.81507548416897,65.14097925258274
23.3920012485558,72.69662204007008,12.72802740366814,14.032451819351499,8.613213906368033,43.95629417728987,46.66831558308642,18.913869632674007,36.079712830710854
19.95461979002315,59.85565731625112,1.0227076288420145,67.11574733796887,81.43867792687614,51.04601313464413,5.270978985343899,57.349176389097664,58.87570649678077
22.119453573025233,64.42908407501051,5.152144406674437,62.04737850519706,28.033475255141248,25.8792408364524,3.756622954398059,21.52438205009537,43.17182711540882
30.15692220928738,77.53614226178111,1.1904940069554337,74.22531871990871,13.217965775387174,31.645713087441617,71.71814470467577,86.16249500839784,61.4993778322043
15.287869772595117,38.2763793065039,12.075909058987754,16.98810060507353,43.98556397138349,8.696702025593305,53.80946641211113,94.21854544896385,36.06850691927157
17.321452810138325,99.70671328453935,13.731798269852135,19.497519990028923,64.39565794476135,30.32197838442505,50.87059842162667,51.84929749422405,55.37418213621985
15.920052840435055,97.98345297174265,2.2897527613181023,89.04095172193284,38.0951845023475,96.6558439380544,24.312453042266867,35.23088842091783,73.59792811937452
15.814576046379402,72.02605490775495,7.67677766089959,74.99777984520708,5.456540828269896,94.47073816724817,74.47507316299222,23.405777501749913,56.84549302743976
32.10921168022014,35.96339607433161,9.124730179110841,90.82284887003229,59.94611396587166,33.4878290136985,16.82365791084919,4.978100152304377,49.36927672064006
29.073157187600472,74.41825939450331,7.381060435218332,75.87153211639207,90.24032761106747,57.08539362787616,18.993474366102003,26.85000761974954,65.57180860734472
24.483476581746505,25.775872718334067,2.420500009703861,59.71553059903019,38.32153659472517,90.95953911109443,46.07121713482755,65.42357799453178,49.22556019178241
16.95668321302003,22.452200176464487,8.378955803749509,65.41327370278736,21.633277763082702,0.6183822640896675,28.62798621119409,53.36169313092108,44.47793217765035
24.832317502336647,40.6146310808971,15.023560956168362,88.91279239400099,44.25773459328154,81.06835703375918,24.746298123314638,94.40412782809274,61.873037852376775
24.469435415611315,57.009836539145304,1.4201532906651093,57.88067545119405,4.836271104878087,94.83695527889189,64.52376445533316,39.62772624917006,55.159582747912765
18.464037398200304,89.46180043267044,1.603600281638069,63.239132432838744,82.04875844802748,9.132573433355706,65.09717452185446,69.38633423283946,58.92460084260417
23.67703298475946,78.17352558130465,7.095425836719684,15.647671600360058,82.63408109501867,16.144768603292103,82.45170697999292,48.93227474751214,63.65626149477073
22.97009468794747,79.41652169599848,18.834514232378503,47.39212201161027,58.800046342962844,96.07463027713554,41.77085669729759,51.25762159242117,71.40733351539859
27.31700196104433,54.03946675584603,13.371452934458281,71.6397111958099,35.31028889383895,53.75401436403463,7.308509102615024,26.777431460411748,48.358392525679086
27.701873017352874,47.674799403757035,13.573399133451296,27.09426983163654,79.97833644457833,1.4196634471723701,27.366638492145768,45.49507768419997,48.71223816595823
15.90608019544089,49.683101038768214,7.238399816757299,20.22541805245349,55.46870247883672,25.763199876352914,98.00054631968169,47.07849970127073,47.246191204204855
22.492252292529425,99.01196509888463,11.873215824170769,31.382680822441557,82.59323085500162,44.99436742688596,59.62585752327021,70.66425217489339,68.88194177550085
27.517198314284727,23.2087353129986,0.20262368055486757,24.150062799283344,63.14587925830206,69.29089110247676,70.97370848010203,94.06399991861139,50.407355821785764
25.062725171601755,89.36251968979589,12.721920928190844,21.491263703639586,78.44054732127972,73.31603781367996,0.7357829625414536,32.93212774825043,54.52715989436034
32.12979682376644,66.29403268579148,18.265738951524735,42.48508428680869,59.856299321776,99.54215129254561,51.820573218252086,4.2200468581298445,65.6591700476389
28.173872632378902,55.08923353516724,12.251469366896384,90.78385138835341,41.41410682156662,28.7511199383759,3.7528657531803122,49.62951255006397,53.28584120947014
18.258688541628594,78.02061283321092,17.473971869326903,50.705964673871826,95.79458599261376,53.82201018684752,56.9230212091448,54.446133214916856,75.6185022035349
16.411374948008596,58.93351531397623,14.479461109321877,18.792038081532304,54.11138248788448,53.332354785960504,92.07708496360753,16.844055113191526,43.54376804374829
27.84838556412631,89.87385904653284,2.411168328073805,7.697166938087408,60.50895185405384,40.56452594472375,96.84191305004079,76.04646062760668,69.82928437685308
15.530226210832437,92.05614912090068,18.049066145716836,69.61561451379252,22.048763941474924,16.91618938424202,54.055267538892416,98.49291084414916,63.744116364189885
26.715511625469265,53.73767414987643,1.3288768871154977,38.279876443638784,62.565078942727645,97.74565631838425,45.8204805252216,94.57747170084609,65.75795908164767
33.80460482849915,42.14622377880413,10.679349450955275,82.18309465853592,57.160764948294386,85.3317186666586,94.5017094248494,19.71060388236522,72.81931320129813
26.50948355751758,67.38802628746897,2.8427424758691533,65.95107686407702,18.483839794702494,49.83330282942372,67.3609831996695,87.53632399007607,60.07834203115447
22.763398524130437,92.98906764933528,0.2341322146180813,79.62414505413685,5.958709735314372,60.32454226840298,6.489927953840946,70.44936364116847,67.69595870937906
27.865764368847064,36.85297512045332,8.44068520255278,27.194603941844875,60.43593197147711,22.72610535596623,46.57255776674975,45.384656380691155,29.388507797900186
24.165057809830333,69.83732668507862,5.900814153083125,69.2358922461058,76.36922693503206,54.37870703917469,24.02450184643039,54.0610994324729,59.44349079756243
25.9123357863187,70.52481760740164,9.72000987595206,26.406198469371876,52.34013709220082,69.49701331214759,46.98043214486815,84.9600174982458,56.3764429466615
33.8292961755305,78.64904179322248,11.543997734691017,93.90684794502916,22.67726253196457,51.51670283865888,45.54655720063617,48.01349396383732,63.40772528375808
22.722052756015486,30.525414810180784,0.8747814461789472,63.63742815333744,66.65219766930349,99.02851705849413,58.2144802814742,37.320736910512686,57.30491723145258
34.22381127647829,77.26599717456708,2.4600659024749127,32.451180017534206,8.010572660960225,61.13416562477262,35.677049034925126,49.32474930259858,56.8430003499361
33.107012839121275,92.72260165325127,11.172847929008507,26.951186229227265,44.183370480195464,37.09737125921691,16.427044945592804,57.91298040350491,61.10916396455432
18.915822695785927,34.37464870961936,6.863347063453165,19.09265850716435,16.33667583984202,77.21520276158381,50.37194345899563,18.907765377834885,40.464745414998326
16.38722601750331,39.00346599391021,14.58346975098896,69.46409588937279,18.445905105988338,17.046251158164203,83.0202884345762,90.09077302669907,49.13154095023471
17.01556002754853,97.71160752333117,13.045832971838793,21.87156129979273,20.229394915820365,38.451581370626656,66.40122280676023,67.41869488296139,58.88150775010575
15.364436513030995,34.47815621675918,16.912087259798135,59.53032659274891,38.67070570439779,34.69589503775858,33.836786592521584,63.326891733748894,47.080999548603465
16.88885921511857,88.35080746956633,13.849856533384505,26.463502692535734,5.115020562039763,43.180709510777724,93.55230227588572,9.949622618063813,56.543620462337636
28.660135468327137,59.38222851584278,8.598621547802964,66.19689447938686,39.77934409290982,78.17798259287262,91.22075712491822,60.41739381725918,72.72590030460384
16.42377296920458,39.778485952254165,13.459332447888649,81.49397285405392,51.170744711470086,48.41730321634075,20.934839938409876,12.096066223849233,49.02459045624617
21.379512605875227,89.65999210180091,5.50762348510837,77.80252431446532,48.329428496632524,79.40144502659628,3.9417585120362975,7.869767519539906,58.65354736887615
31.89750621938909,55.62442040021324,6.126269975564254,76.08513309307817,38.27841004030405,57.64889031398659,74.13087083507622,52.73108956423933,61.50794389271986
15.465438714716518,61.18538831437522,15.779703198415866,18.772240569225207,83.91466080707525,34.206943465755536,82.76102613491533,40.2785534046495,49.13490104295335
31.289369651778717,48.73866955198125,8.928390328031643,8.838494698451871,14.53266924205041,80.99787436834724,96.78645659513553,58.88102701562232,52.27180054337568
20.637095495468,67.4360681147942,15.96760681036705,69.89488284873856,50.5696743781374,23.828967055309157,88.98363940883107,8.92221680572386,59.186413524156094
17.363296552433127,33.08190980680182,16.44844747336557,36.83472137943513,6.20414169565543,22.43829797997955,60.053476820641485,43.09830628472584,41.190886942061745
28.934743307283014,51.286522932140855,17.151246753225674,43.23462264033473,7.1155678877909745,50.45029240548358,53.00523392123808,17.4786715045158,47.793562993371054
27.578856935597678,97.552985786823,18.332704716824146,3.1149092793391064,57.38658496770963,26.084924596208893,2.784105126258629,98.71000859241165,55.91622358834818
32.549440270541055,40.6506746160902,8.619704410265925,25.95764492750492,56.6018424887821,0.9087034951216322,24.665644684477783,56.11502124351744,41.003073273171736
29.701420876077716,72.53893316330337,6.377336366422776,3.3676403874464023,87.8033512844457,64.82975272988016,45.96147517329264,68.74368609408673,56.07107568510468
31.06961860769697,46.01520513797559,11.643974931882276,87.91857726012476,55.78736756600732,51.1093821472398,62.85039000835678,32.541828068260784,58.312403156743976
20.64069145142613,81.87785005492805,7.423448468752552,24.339668321853047,95.97910204048502,44.55178144931612,55.725183331841066,9.473891477934416,46.666516299713265
18.548790875594456,30.469892857467986,12.021483336004659,55.73371695730081,4.869484839992976,96.69685146183153,74.26359896816905,97.58708627835367,54.83287430644813
30.012295032817168,97.58568360628358,14.111717252876492,3.897932066113041,9.800768478074106,57.11991839629137,27.976693088704085,28.62590353831832,53.870504948862425
31.13669478534528,56.30316331069114,13.768100369842738,66.6847391305658,4.40658615703814,86.34315777893845,56.49526076524732,42.38081851735742,58.58414516547316
34.81010284001347,38.88403706771712,7.491057740402427,32.30273457540939,18.527685033354004,13.945023620516018,8.814224339079214,64.9863921702575,37.88379420529234
23.25235353822853,25.87973978640101,3.3372040339750564,89.79191869576658,54.12701109416781,56.92064631294277,41.366552358320696,2.4697297686111286,52.571188058431346
22.440361715855666,33.58063240700326,8.61058676924415,88.81181889340358,64.5572181427428,86.7979626730903,75.0160832954601,81.0259130517287,71.8642817426449
30.528259214839935,61.58191588448141,2.8518828816381747,32.529061836174776,4.55851579486688,58.3105757279898,69.3400853429044,53.65781900286203,47.59211564748462
21.816070805060356,46.9602541145029,17.801940703676166,90.09608956904678,94.59708898455993,71.80141781270015,99.0642737172179,27.821718706882216,76.87821138454385
33.61514651207129,86.31066927060876,6.917549214757148,99.61576734987788,84.2165376650381,37.20435678122074,27.7891125987756,6.160798529246925,75.65704596672933
32.16825503686024,54.47100189294447,3.0891949444664757,82.5415664123948,29.661248215709314,9.244951703706661,49.81892991739792,16.249841547444145,45.550414945961464
23.579880547500366,39.89714180701039,0.5089551981150175,84.4871347755229,7.718753022646796,45.79002951270714,32.95304137739967,89.50338588534369,49.788857958063865
30.017421355829946,69.37159892832241,12.916447725729686,24.90087361090899,16.98870732190573,39.44793908388575,44.060311405917474,68.60242239358911,58.103556410325886
30.090857481693646,76.54217735083566,12.738046349094866,57.67023988577563,12.694441375497266,86.70601823789474,85.6950129869388,24.990172163688985,66.21715429375658
17.062477376718654,33.36335263207599,6.812083331625834,6.725591396736785,12.328377929894685,24.399530235247223,68.42090751884867,6.560076494502953,17.118488142478284
33.05105813359133,33.40953730306541,1.4342377769530201,9.491793682166971,51.85616886657339,96.6734227535108,88.24411913475817,69.06153123866363,48.79998398218281
25.105047448957144,22.933714154683436,8.192577897904641,99.88926120332906,24.58474424934003,95.81381198044961,20.351110833188645,57.24077259677651,57.814568137845065
31.529149322154833,78.91216120525124,6.224349901267871,32.663924942591095,35.81397165291445,24.76316430714387,87.3361117841438,40.4519524458235,50.912687554604396
21.400992020612236,73.10436220974441,13.542412794700187,74.81839120488463,98.95053333843225,34.80519554773205,5.976227417838443,36.361144919006385,58.97387936530703
32.91046456992401,57.97047005998511,12.115584989053808,80.66650530268164,68.43142489253448,89.55557408738851,88.85992804371524,21.68142759291083,73.8089909293101
22.784033574683264,87.53363591753578,7.2918745639508,85.80232710072292,94.89806670470014,96.66222208961075,32.90737794607279,66.96112565375176,88.26012902059385
15.216753029605968,84.45361223600426,4.357851085099802,99.76282974021565,14.255655503311559,44.3439102836044,31.458763341406648,97.06680277938705,65.7621117025032
33.10763952838528,66.82834915174017,19.760719323111836,24.149648525686786,38.21394748325693,32.099704564089784,51.20885766986639,17.571524583682585,55.31051440621262
16.82573353572267,89.4617024410607,9.080032423922297,4.035082685969971,55.47318032823543,52.6094013251542,94.06901877232318,59.71166200155034,65.54276419093219
21.3862727518083,36.46729680294146,13.76548471560474,41.1191517994586,7.675806188873802,68.77692063657348,4.778136468140537,42.41850557459762,48.796690358917886
34.0012393410161,28.95356955181823,2.8110593515672155,13.008066982894695,0.41874436279578653,27.34745153749798,35.22309750707453,44.668872174466486,34.01899859155963
34.012142938751126,41.57996892135917,9.711793993187957,2.2425889162055124,67.04343337969175,73.64731746190728,85.65719886833357,25.41472801278144,41.54610990035633
26.46875776246572,24.56694848714519,0.5507343973893097,36.04268271414861,64.18195168014353,5.165735711464103,39.60544774354668,82.5134875661419,43.08258453568629
27.636744243395984,62.49356224008256,10.109102358208998,78.37382510752364,41.07888099996118,4.929449276441645,19.9156897597067,48.52556041472411,58.03897415624866
23.968910439566393,94.92845538359691,19.280348142354047,56.61806912250709,48.96440760320326,38.628770514554525,42.47941813314118,54.34058521982641,65.10587416924685
20.86421543396129,23.14748325348077,7.6841342597160045,31.277798921035405,41.54430005920896,35.34731920607206,38.55525014916693,30.476091279732575,44.536896746820965
21.57329090739832,29.768793120802144,0.7799202514982317,65.43420054927196,2.4005044844888856,31.56332153671523,91.54162014667034,18.180846566694974,47.363976857629154
28.450369121540767,56.175922262674824,0.6191158183868706,23.20181803088107,33.537160621746246,49.101976266891,76.19343757430971,8.591038820282048,49.351149308496545
30.0474905887536,94.7100014022324,7.75973519893739,1.4381446072085025,17.708225539728982,32.07335823115712,50.51155557440063,71.41191409249159,58.34941353983137
30.83158087451697,45.29248839814004,3.200498729263881,76.43533864364274,9.842418910136875,19.225791846809194,98.8370566721571,19.623428168785562,53.72074730844195
30.792362855891078,60.57878469507139,0.46704192656371823,62.374308486400906,95.67204338893498,30.946954908860093,46.527753127592334,69.00753541887977,50.226046949692865
16.824122060973806,23.325828724031368,15.124272279003536,76.23026245009599,59.935972504216565,97.4904272810235,5.823783082027523,39.03764460469539,51.00099648506535
24.88840609405163,31.86745607696711,9.170460177637814,3.893801668766561,72.86562842366027,41.11134169948486,26.22743218149849,41.57748009896515,43.807310669430635
16.151175200332887,98.93040983670775,5.7848954394530905,83.71196278306522,31.53637432661175,44.47127768583358,43.60704802193126,46.91774960927717,62.0269340399734
25.990577646474712,97.20949571488364,18.001663660329616,61.95262000363033,39.31471294940152,57.654498995114004,15.690262414612011,36.77085081275432,63.89871571319803
23.83061002746754,20.395198474752767,2.322779204010512,56.33953507126401,23.692399389672346,98.33407684142266,94.7565126324043,10.061997722259008,46.24132745291443
32.754083655166,96.14494283385912,19.118376579106386,62.46140481145316,9.696567096542474,24.160127643576303,76.68488978177731,30.963181000284578,73.50059416457691
22.018300251041573,71.12959502524004,6.279334347547056,86.4433246868364,17.90316374415838,68.12821105324338,26.828720042777267,66.37343606939385,72.35567985183135
17.341340328552118,89.43346356160177,17.768073446173624,58.69365065589071,79.75140452964858,71.59846935417241,59.08045335179158,66.57844014688709,68.82616486732519
17.859833641056717,56.379188450708725,12.05885752958923,58.095037988817936,67.75458051837758,60.73244167930659,72.1449157109572,28.622430723999436,59.579132381371
30.230212634349446,61.24768228634002,16.53414719482975,99.06791570657658,54.69288759854769,8.857833963664408,94.1278928906798,46.0102626557688,64.08399875265867
27.364361266325222,59.10772642055362,19.680263264209287,75.6730167068568,47.508987286676806,67.68722758275764,88.16353491754107,19.344722801193747,69.80241464915042
17.022453522455805,73.34914060368834,5.7681087563749145,44.22938054511353,92.24342836561244,6.409471103617548,51.51922261382137,21.037208152983577,53.14493559513379
16.682136122299948,31.172100380505032,19.22270970815186,70.73970000329277,7.273494777866841,59.61426495498969,77.46526197930176,2.3047088406607408,51.53402654979529
29.0193826291824,22.397887189814234,7.789637898048407,38.92304716917885,28.060081323791596,73.95811772217426,56.2144753827585,89.67465499077446,53.406572771349346
16.45526012728387,44.63439532729527,7.710238094738447,22.8875462483499,34.9937853570714,21.096989061995043,55.27038900455401,21.07066650749062,50.80428531204293
31.437201185807126,76.37446101893174,6.807742085090114,59.68518768877594,78.24258122127878,84.1622007542774,11.47419583381919,22.75338769364633,60.21470222395613
29.124844543129925,36.14827616983587,10.828152146951703,92.81820981139515,99.25146201619714,3.0353805533004263,12.613765801615207,27.96014326451318,43.84721460876478
16.626975612837995,73.87459466599338,3.082900863569742,92.91395200154628,24.067051475715306,84.3812863658306,52.95336150224574,12.7408071695429,62.16983084631213
16.69675428170384,97.59296368858163,11.074229707160224,34.19052781054903,87.43073341370805,46.032905064276505,26.886154497900662,63.92628831813628,54.79581927965502
34.73279157002351,27.512057263153473,10.83409624820008,52.7677466221695,83.06227604317912,21.75879399316445,2.103690246046863,7.514295317758657,34.546049458102495
22.485415915122406,73.8081694580101,15.2380362520974,21.16358985698612,22.46573976417666,13.3778144993968,72.28392039002122,13.420242632635027,39.53317973085406
22.412842941337818,55.50001754436569,16.67299923875171,99.56311094988834,39.933258019922256,95.33071675823726,3.248659669016496,64.47567265900929,63.466851365655444
31.25599134515005,89.45138035020042,8.808827006248482,98.11179078679358,40.96728692925191,7.266558758115671,59.52768411040545,33.96606204814427,62.44632131213832
33.94497154767717,34.17198315579087,6.0466649870298745,64.95089297074473,97.82206685265584,19.909341993592566,53.91937941273144,70.7947826701189,60.45478454027086
34.720021276457416,75.41007617809316,5.186697946341889,80.44140596774734,18.089190137889833,34.7822347433046,96.88146905778045,55.742474467014205,65.89251458529873
30.067563705178834,87.04922317184882,3.8924767340974387,71.51001612837,79.91579711047821,62.023484896112045,48.421313934764164,25.602117306151307,69.46832233549826
22.525191710618316,95.56913755792186,1.1529516439804977,59.31582190394682,33.419271417310995,54.480108527609836,6.360143637779736,65.08279504893281,65.8153501921009
16.670014333973377,74.65984226317167,6.848959576694266,5.3347996988897695,73.08703457761604,12.564349241231398,55.16879678064617,11.627368029288066,37.80162844329963
30.542938318548735,59.773981120674186,5.404953842615665,45.476434255266106,42.001100429566286,28.972798373821462,84.10961706161014,53.64103830800304,55.010772545646304
26.1680849947161,69.42777921609711,19.328347717328146,67.47863021674105,57.835976311654,23.875177108602408,99.68492842814399,43.71481050450347,67.13599652457162
23.484440184939526,89.51239875829745,11.154176525000878,67.75316138836847,83.26117733261312,21.354285449034137,43.034317368907246,26.787358281744076,53.45077961406051
33.12708770189472,65.64877973110637,6.945540780610151,37.31226184223836,80.41655649838842,41.1144336479987,32.02987424967425,60.40049977395001,46.38193528353236
17.223949646123028,22.43096477574695,11.60935201987392,94.16919866580305,86.64231835397001,70.40314525916568,90.66532969519989,87.13335923402825,70.08532778509863
24.852502085817182,94.47589564055822,2.78393402691391,16.7357032236781,5.961732534465902,21.745293221723593,19.124212907612137,99.89046997630767,53.058962212589016
15.227072895348382,75.1621400825249,8.880874984044059,50.03594462155606,69.20505530397449,36.66788797029814,61.542891503292665,60.77627687434245,69.6716832991213
24.373212839882527,74.12107086217972,12.524686428421276,69.08839765508228,13.998737672176286,39.09174268411623,40.57144241809477,40.470587432917014,57.69692659705962
16.126065513636746,37.254012191817374,9.777956635849028,69.71358058918092,41.5818568018411,97.64565294354102,4.108236495555529,22.52071002162016,55.12735917498222
17.376358325361437,72.71083761861257,8.035576013086486,64.86389567688155,54.858841505468845,95.46663568790689,34.72884743056978,25.709608939511174,62.441094362412
17.350524935542097,51.50915245233268,19.876967777993965,27.528821345186017,40.273948474683074,80.01375827520759,26.52285225026746,47.94549781497657,51.53218473268138
27.984206042321272,72.09863816331936,17.60629524297854,15.620656868662197,51.961167580300746,24.165892081918518,68.60911539434869,36.72777012807092,59.87597034501292
29.920897585308467,28.527442424639258,12.468119163188803,63.594032682671084,99.65263087986192,6.803731409166969,94.87904976919181,91.38145226249442,49.689063204666574
26.667375301943192,72.62762436824289,11.387547223645655,59.930211613943776,13.521731371285473,31.690413772062477,26.804718737863777,36.82954676557095,54.38853613011908
34.24345096949084,99.95309806165332,12.413209596491681,17.935601028924097,67.54560453364256,26.679454943383085,81.14659391516817,37.34445911454355,73.99392909974888
22.49741159047408,23.856963108844482,4.0262421564486655,70.51391455705634,39.600096638561524,50.59258001463939,5.535981693840952,38.35345124339769,44.76819454505454
20.714241725637216,98.17393473770538,7.902754865286372,45.51719917336564,13.300979890732878,77.7727910067793,53.81210100398132,83.66202103676581,76.04290292691273
32.3719825637892,52.55263685782965,0.7891906578179864,66.7760591603153,15.873676337430954,85.8322938878858,7.055006370989458,65.07883208469019,54.852879229176644
19.47191677038905,89.66027602698074,9.510920749736533,83.73670797701507,94.92731062456168,84.48640854105085,93.40329911306394,61.416885031889265,83.91809703301595
34.264450788812226,82.59083872466188,10.860491679153263,16.972842857692317,87.9601496711762,35.967556122306775,76.63512805573902,33.41430223838622,61.314402168039685
15.243089493796326,65.36130087893342,4.554994722064192,1.9144867996836679,90.70419604150219,68.72343434606829,65.79499112045923,81.79041768324394,45.028918875755544
34.397576534152776,79.07593674010613,19.280576943310276,77.91025863957867,99.15327758273865,31.283419752422002,82.38963816246643,3.8363861355701134,65.95194942637445
15.863198239011522,90.28124490410784,18.18909221874484,60.96974251526159,20.831539000851794,6.090554323518271,64.75197955701631,87.07971723381132,54.947114364370215
32.82286227396142,52.331225732082636,14.442864709118117,69.96395696221217,35.543933736406174,70.15652656029422,96.89443971742911,51.27498997939296,72.09403193154883
25.554022181725998,46.16265292505909,10.667732575307252,83.81549749886426,66.92190299248666,0.9827552569787845,71.39579478647715,39.82502348634128,59.89258021534911
34.85929592238601,73.40747084508678,17.3993831929537,80.28109348245005,48.38025398606472,40.91825874584886,92.46586095822468,49.71672807176857,74.28998799043636
16.475931294707976,84.62767535530068,2.6130468764692583,96.09201469288247,41.83895333783335,32.937926930207574,51.713189201063805,66.7415530533831,70.80063128032215
26.077085688026415,80.98281078212926,15.8101958854977,53.59350788521182,35.781124933559305,69.33775385188524,11.706441298186265,1.276542651789736,55.61538626433471
34.38605071238198,83.82509190869075,2.496416279336966,48.84956326599054,59.37806319434522,76.62454727603789,52.81777214230171,87.15518564582477,78.85490582333651
25.461956883402976,54.84666518503464,15.884213250988108,40.18871998907301,57.5593428640082,30.409463597128383,12.68728280630933,44.673952531139285,47.868048919617664
27.58797276270525,85.42673729400173,5.515351365027139,15.369104284420454,16.14578340642401,81.16270144448535,59.249347917640506,34.296651970007815,56.96710349716399
28.914973779692343,29.616724429648677,17.541811620363777,57.26072328820224,47.173983751843906,29.391676050493377,48.24930605276629,13.82455656340571,44.167662520078416
24.090821295355465,63.559127836867965,18.880841876507958,27.70125243259788,55.347177620984986,44.63263599865612,62.25753978327817,43.94653743584421,57.76167838781069
27.55116160168127,20.460692839849727,2.9759193881023127,92.13075122129754,57.02869387313905,72.7018527014134,1.0046981054831594,49.632277128437885,51.81891057579512
26.686286238462003,45.96686639202162,9.25351210130787,58.31908042770976,21.01071929123518,69.29202292247886,19.484049165536412,40.36466944934778,55.91134948525626
33.02316020981978,49.31692278971183,19.619747563253704,59.284018050811014,74.22713922522868,98.73684723122,49.13304319121309,67.86600938268971,65.30834506604026
15.908927606829158,51.69381532874043,9.668148719462932,35.492466087701004,2.5199094821069634,22.51610242159319,95.05035615891349,42.0896528759226,38.093673580985815
20.619263791844606,75.63737653518898,17.270950450290904,5.198935197770749,35.483185554316265,66.23179135395823,38.360904035515844,96.14175778465733,59.09604009462362
34.008229681531176,51.08464810162766,11.774630442626396,3.174376537298862,78.02126485356335,60.96819082757774,42.43720260536347,59.92775178235918,52.1158302790702
32.80527567781833,55.895489809802456,7.506598158392038,42.33351441531975,56.389292105540235,91.509845449003,71.46960890066222,80.74779356519089,65.725836956343
24.11313505571426,39.0035304699462,5.715671110517404,8.456537809723786,26.116243251086026,15.636214164487505,60.3792757286118,10.935590310947884,36.07231307883819
27.402651956030734,49.860143330347206,4.064461821721745,60.68469555401391,69.49531193430477,75.1798163586933,29.892615009833325,39.72912929459057,55.5848108107035
20.54762365962265,38.181570181052116,15.235963827553945,88.09730056396575,56.73909441560734,56.826861626876834,41.08163955674278,33.68477014471527,56.28810771431229
18.762423194475225,25.85567390147549,7.7308101364605575,88.29148165187222,79.62436094563871,27.46658697879054,21.769979885723245,56.94823881365918,57.86094904623146
24.273968098799642,68.27588747051024,10.225509244015022,65.90454101322324,73.50251861898234,47.44349141471741,96.60214591302085,86.11135200614257,79.4997339815898
22.067044560521055,73.45702388440131,9.846509600023639,21.1231831472931,61.01079220362347,33.37765970697978,13.063438155735973,7.833821776200667,51.745427629673436
26.67312223701744,69.55922768076917,11.545580584662625,86.29968313588721,48.8177675310814,57.931340278846086,37.18367845664194,7.257479804471078,60.98848204255117
16.554692739299696,57.07952350404579,17.311542912491046,88.60934353132082,13.31821256675234,88.90006108146659,2.583897222001119,85.03177081575988,69.13680058853286
34.487896153323334,50.38286241433838,19.61478687166859,19.66535849529587,26.133301788538375,56.9304984412202,22.17794919335464,21.285008603835742,40.57181076530357
34.72421488959206,89.06669196574602,8.151684171476338,73.74260857706773,41.90994729170853,63.17224183265841,78.04711383801549,66.87532544498137,72.2797723582081
28.963234280394904,61.526542810897446,16.55037844212606,28.651954892712293,59.92992870063887,51.874784711470944,20.117523228887947,54.28781323608052,41.74601869186377
25.72192732688241,58.33455021037848,15.290555893094353,80.26403123529296,51.37078552153048,5.116550644547591,8.00634025289656,83.28935948872295,64.04507751417188
21.190552325726557,22.051365264514857,11.470579029111466,99.72378999036027,28.818452595952948,23.285855687609423,47.44531798445233,12.508890983640352,41.58559713045104
31.275900394138972,47.299826210092505,19.12094287223866,3.0026005329392813,0.6464357789710551,49.20017294320827,0.9969234734518495,12.978296572261128,32.88591683340281
28.694623451077586,50.41564950286856,4.009490310568056,89.73658657909318,49.623922190081394,31.023528374470477,8.476615442633317,55.681836027830755,51.24118518602797
18.252338786897827,51.90582247175204,2.1852842061924282,62.26305335986581,28.56259885622431,18.176359776119423,80.76258695629751,94.63786533583709,57.83114587981389
33.21854368987685,66.41378953818659,17.079239339108444,97.33826191648211,73.46083007105351,50.41328419184383,77.14733448596064,41.499775837075425,73.49316714027121
31.45074485846338,62.68820373815028,8.782996332674966,46.50095175264276,2.394626527048349,32.28097934478503,91.5138820404896,32.694210025469495,46.703248501360136
33.99599826583848,68.63240742347557,16.93937708414121,84.73879305713737,58.482781130579085,25.810764317341473,85.45154359107495,60.66893231978858,73.38581968234487
29.5143901677672,81.19066092337026,17.861804103908298,6.239406859827723,94.14742375060654,46.39854174403808,68.3175563239818,93.0448600545031,58.42124941918824
27.268303918715798,85.03885909728749,1.2491518723814288,33.527905007829574,17.440926711149952,13.328425808217315,5.233285730066283,83.69278328446237,44.782094549582744
23.364860725812377,77.44984609811955,17.669295259721213,6.701653775120997,47.16494907505954,92.77457330754073,78.28486179866574,99.54836107332198,56.24420240396142
33.65456966708027,96.44189567639478,8.966381107388443,97.53431334790706,9.142199181713817,86.7702097919239,84.55108108405605,2.256858320237709,70.54941942131376
32.32127779000817,21.45860661410893,10.208649780084645,81.69739072718367,62.56819122613526,70.76205857405353,79.90821457719545,11.285814471276224,59.81498726515023
15.904373402123788,35.662238854683686,12.531850221864204,85.25474212459704,55.05316805962256,10.621382758845622,50.847903530802604,60.946776336662204,41.07290970852806
15.52733948994504,20.605029998251368,18.527652134601734,93.79652314338942,40.736552421283236,77.5877254469693,23.290183864948165,82.05764393338497,50.18878001131295
22.52926733756099,71.79797713236823,0.3823218885952806,8.510348611978536,52.13770214737412,80.7957328109019,84.53299756887267,28.524434230676654,55.094721225708945
31.211066615636657,91.84244391599896,9.536869366356342,38.55975925133334,89.65746584690102,76.77646177143377,72.71628097401384,23.921108803421877,68.89433356659434
34.74552258629889,39.47858372610394,13.754440848611214,7.103488904400212,19.629430231106703,11.396588711924116,98.07611743888516,78.69757993812009,55.08715086298374
18.008337822070565,94.16276358370453,14.454139153964569,21.07931015500286,2.2564511705347234,64.39079570677647,15.569259775593292,5.638185385323158,56.50166686592603
26.8826143070427,24.821391223164866,13.85064863074216,22.936577703767234,86.16648846991009,83.43247957493986,22.566458305205504,36.93826475825851,43.67742570909142
22.61781713262043,94.75488214444114,2.688702588162437,46.91072110475787,57.71170823879065,57.73534012196677,21.17981498815027,50.58092225923298,64.65274894400217
34.398287956292066,48.12981497917075,5.987911767433625,26.856216745364257,89.06584554618424,64.6407375228089,79.25397676213368,56.03486743503234,64.49936263302182
31.842378462714173,28.11366627593732,7.17431050834027,10.09781068177611,59.69452234131726,45.83634794263062,18.690729645011817,72.86151567927769,38.68957348823809
31.766574094222758,58.86974073490605,16.0887441535901,16.749108909410772,81.01610899597024,52.87073198840526,6.665982982330609,35.48457234306582,42.78010936482045
24.373863195899403,40.542125417640634,5.5751974482910605,14.727556355209092,42.967336335514794,3.4376858351725215,99.85608065856286,61.26843446746072,42.092826976354885
23.296390046753302,42.78983215695383,4.214099277344063,97.30767979122983,74.98599312882688,63.89630219732846,2.4817211445149145,58.53754227909563,60.10076851388448
20.468141438614126,44.58319719410292,19.148960380761924,75.92925069184736,91.3041466889856,8.14472128911592,83.52440601588657,54.76161006537471,57.34633791113272
16.127509933018544,84.24207182661307,0.177265702269378,96.7761465269562,57.21229637222063,43.50145943402234,36.53668415506528,64.04832931422122,69.79712433736697
32.29444752510106,63.132902134020355,19.956417113639564,43.974048650790856,18.078515056237954,29.265509766740784,84.16154597578152,25.94491710680763,50.714508332105346
31.258020182601552,44.90461593248029,13.536425977147912,27.83684816626566,26.879761503019818,54.54279502117131,55.4620491211145,8.464875358462898,39.703493681265556
34.99435346572261,68.82670266487347,16.56938598898234,79.82931972091866,19.86445768974058,13.341633552320708,90.16312294863602,11.927167203974342,60.89838821729859
34.93273674147811,77.29205393785548,5.892387926923863,32.62539180411468,24.685702759573292,69.16434019733182,92.61929864146266,22.458238265390108,63.492596515855574
26.10863411205255,41.8099200586827,0.28630555334119956,29.93833737053483,30.64154493510364,79.50115369284704,0.9098181280775997,50.01979355227852,38.51474755136736
30.37974830361021,53.08392812202812,14.757390371230601,23.25059922078312,55.51337867531885,16.33544497431565,7.541217599278827,84.04427505460201,51.04929185545404
33.895314597648564,29.750887466955803,16.682891940013516,12.967897822423534,58.79916294638328,10.431308735188216,25.035872957085548,70.12933420883842,30.81105723414882
31.99294781354823,34.491947962774425,14.809522639070384,25.646306101676597,42.649974724186116,14.551548278735915,66.93154163635016,78.90406042020471,43.712283577260216
19.94696203486395,74.48942831719862,2.857005746016772,35.53197484738877,61.54207798208354,87.71275618985017,88.8272196511506,35.09756239260914,62.554948271212915
24.01088270620187,34.515067815650156,15.06855844513938,67.39942081457303,8.157492561136593,52.81892617563562,45.994195129396275,40.465374164855014,45.77562624408309
17.5831883030299,62.01307069336481,15.378455642152819,6.256484221945158,8.778823705815997,46.72609960075026,60.697311627426544,39.368188599061284,39.40433432054908
34.08102054517445,76.72370093779462,13.170810313401098,21.050693966534297,17.182946035765845,10.671181910235427,18.849985279556115,19.187318440450152,52.0690664119711
27.123492689017603,28.55015384757951,15.322318655911724,80.90236402916764,51.80774980403447,64.95560067569618,80.49668338816853,6.121665814357202,53.084936429636414
19.572856110069253,65.38497757031229,16.918428793554643,14.692192358377076,21.399467869831355,86.799959189509,96.73281113534698,59.09160928272268,70.64279533588348
28.434013688117133,40.525022696109104,12.272082284749168,34.26451465225215,28.328440349257733,82.8185869323453,26.85989329145975,98.92166834205861,57.37459719040989
27.362564809157917,97.03415001900639,1.7720942793935812,86.46589218581401,40.03128361729941,62.60547089808013,49.48259516005463,16.682970495026282,70.49708077508082
22.163254360656808,58.683651737593976,9.752556193344217,15.492531114344265,81.18661240103798,7.527871665167362,8.61161105063738,4.6684819899273755,38.838331955339726
17.27115184399258,84.47940398201266,1.5529866934321013,8.27368356181899,1.3862135912860118,11.239702717601297,55.91366564629684,77.9531681823933,56.049780160977114
28.431463911855992,64.01812337250094,8.150860620648617,48.45379950800108,64.93788202366224,4.930898710982468,50.27834418466806,25.25860066847242,45.26651148604995
25.406154018075867,23.473002628385533,8.142129782512553,30.24195112785364,66.88765310406853,25.74792164924693,14.44364841550776,82.96438053529283,35.449473413658765
30.446367834712788,70.65211004752179,1.3201968828048316,56.34083644838541,79.86557803566366,13.566146716037775,44.2066213118075,70.39366670345154,55.97031231403042
25.403270022239866,96.11226737653256,6.976410679389586,80.38048904834751,93.27529390603132,26.004804025243388,33.410465208656326,94.56735370508046,74.95835488296916
32.043630006370805,68.1289456117065,2.2199619758262967,13.714848815274316,2.0137848949289827,38.50580557189617,52.18308753051893,40.8927235756672,36.377264276099744
26.03813677548971,85.53510875414321,16.164704200184442,58.0699084554285,15.378370551321618,94.29827840711357,58.565433542879916,66.19698394506341,71.50442230388266
26.218759430707728,90.73651706787263,18.953760519289414,50.550876038986395,88.6171294055993,61.03760597816921,0.8495578607209509,46.48547808132707,74.72158948042966
32.533072053166904,38.2463817559146,1.4463295051587721,14.407878601319958,45.851856218701535,83.49737856829623,76.10059829495553,63.05886973085435,54.202818363785994
23.06965732424794,36.96358719265813,19.10230414583403,62.39984855289824,56.459063893346354,71.03515007123322,71.30142918617408,44.95989060077373,57.970992911731685
17.680304569012815,68.87847910807935,10.451531986734903,27.364041786077166,66.30272037231474,11.250313052663174,36.62863862065222,18.863224642407484,40.34045238096814
15.57565352626678,52.882277584536375,5.9913135590774775,48.78343185440125,67.90666044956374,73.59204063739489,5.2935935568818255,50.78974160033809,56.47901303780143
30.10274511347238,87.18890422933762,1.5372415055232702,8.227232427706188,93.17404033165082,27.509888155912442,75.49325397850504,52.85842014374423,54.85397310533248
27.406191027069294,92.00184987184089,10.012485361408356,45.958405721362304,99.69494174116697,63.91078469947063,95.51751604781325,81.0603848260161,88.36175529398119
29.08159536198447,48.27371034421745,15.890310889814973,30.646346804282032,72.01574609309402,34.09619736429885,24.015159602201418,73.55207057935812,61.04524815966033
19.259283230178212,38.94964471795856,14.141729545333963,82.23812111853543,28.72212092051508,99.76722632646592,32.35246137370379,66.3791623941444,63.07829221516543
17.727429511735394,82.44204121950895,1.0045202292794753,5.697872699736828,87.97524022943436,26.355147949677782,18.381288948181496,11.338709555257253,42.884212358092896
15.290893313357639,41.984482843850884,1.4580367073580702,41.860727491832996,4.922091454076161,27.913047077426967,57.693612334483966,72.0616290663715,46.48222909775533
22.011751176131938,85.80914548109428,8.057465652652741,45.8431424131438,23.10808528744962,93.06722555623983,15.484139464745494,50.03051563545148,66.72941043697708
26.79835373709266,53.89906029190102,5.9058098809588655,72.50060762991187,89.73857174637149,2.464440463632267,35.619394346137945,89.40995361061593,54.71676358678957
22.844880901994646,73.40399194331764,4.647686461120957,57.428757509021096,25.619151443935493,69.66889878731969,69.70130139342629,91.98709341305428,63.93568050485622
23.749498440474582,27.642825106773454,5.620089978174272,66.72123371941811,22.065105962174847,72.53263907358782,56.01159830093484,5.515659060178546,40.850211069396025
33.08317388987497,69.90874597412585,16.069654865937693,77.7049285651756,13.812529314024724,83.63785774103994,38.64625643279352,82.06415603544788,73.39687013447262
21.965109340466007,56.14141429897833,18.58456107263708,86.22029736581888,85.91117576469165,97.44393106384753,42.02496018075419,3.769739042267062,71.7769465865766
25.279789783196215,66.92867705403793,8.102053890551328,31.38754967224705,50.00582591910867,97.56019191566524,56.21108826232295,36.716962569502265,53.98671248963727
30.67306025482286,33.441136619589074,18.122220042649943,53.802270536390296,67.48932030541548,6.527675756646389,0.5864727887161303,54.22999756210791,41.97472525005979
22.930855646425403,78.94989959553456,6.42991402495764,84.01080784391999,23.906638407502967,82.18393227529025,7.8509868453609855,14.810079862712744,54.63147103028337
27.441734004557468,89.02376620345828,9.528739726875832,98.94511309650565,75.80404210112165,64.63099336573814,88.12580677630116,74.63138125690769,80.7635682976389
32.2472741749349,37.33918400726205,4.520579956319994,88.95193110437631,76.00055449620984,64.73421343730912,7.787898909129076,0.8354704172138572,58.40506116760239
33.990412473152844,27.657164441612938,12.809520843516879,37.14672626243768,31.259802490830012,12.83499266146948,70.68035962105051,16.859904843403683,36.6000334927216
17.941469618580758,21.89108688370691,19.57962230349618,19.516651721865042,41.06826330102828,65.01871664456533,92.00381641090526,58.07968298534757,45.05934028264981
33.53175250322989,71.35772003546128,12.069861920867574,48.93925374065887,20.969027743020085,98.24825806012478,27.06836043017311,71.43875620372924,58.04558030307058
24.842325861590766,68.56752288710246,7.156281682270977,74.16414518360422,97.65610233229043,91.1818569539447,37.04914370595142,91.66431026939162,77.75003499179272
20.164887765979167,63.7357930171256,12.956348919810567,49.25690707532976,64.56025770584117,43.91306608048505,56.892140584471626,70.54966519346239,59.34404799833972
24.182715124765224,38.555767689278035,2.4584135693077513,48.31808633136685,93.45438807155155,3.994797328609434,88.17089696385847,67.1779270254866,48.76088031663389
34.60065150570954,51.27247967244117,17.773181605307972,83.82304210818006,30.338554362913317,36.229349000020484,94.19055872604201,39.43411463506643,63.51455466624825
24.85236187985739,67.55810681489385,10.061679015596727,36.14037790671863,78.18909129968897,82.63903116005552,73.9563248111268,0.12844255268014138,61.607277644239055
21.575032205750162,59.741348708733554,8.98699484079284,85.97946748116456,76.5858643884742,70.1499101465166,8.661976085469403,12.015925873562194,56.12631197344163
27.668017086334515,99.02284161719098,11.717295769070384,40.680480095172356,69.16556518665415,45.93436555939564,66.91541555348508,53.455454475603915,61.41229155006789
19.802912375563864,30.91518020453865,12.495677255788049,32.82331056783394,96.56389752668004,5.510153515883109,41.03037218726621,67.51298858444197,52.47380348639418
16.51726656217328,75.6115643238075,1.4355161245302606,45.3989911199699,39.355533610631554,42.68947278233026,47.07009994910616,41.74482838964625,49.20730028101395
17.577594438212984,52.34550144834337,13.652344424468048,76.24469586748684,13.07173235897573,46.90249397178835,4.914839034517704,73.06790115283903,51.31346536518437
17.56091677915545,54.25596919404918,4.838633606310592,12.600202786399429,67.17088592440608,92.85555328941359,19.106213934635818,52.186229533217876,54.90696753822498
18.038053870245886,77.4078212526541,14.279052650131796,19.64192158720174,72.93098004772062,64.10861035821594,79.05136075336478,7.4176195594312215,74.03517721683387
17.776543452988204,75.39489210594957,16.450695887683935,95.1444825663092,57.506057345881466,31.16529166546489,45.395883304785976,19.201625096794885,56.34090503391992
27.817494896064293,99.30047949617506,16.079170151050405,17.54916273813574,20.681789313339628,52.53182644507214,30.166224163114887,83.99982232439429,62.70577002862601
18.637601687982897,30.27154315633002,11.050019348157782,56.77273179310546,50.445594166935535,6.605530782216007,38.401907396495815,72.49127466244396,39.75816136977153
21.913345666477262,28.328771950733305,10.403397846215023,57.931446666193786,31.21897365691294,97.25682356497369,85.43995133256801,89.4761987012495,59.31108007873306
32.935768198120236,77.94710537029928,2.8575192267882343,48.96244620502448,42.746652816668906,36.0059901930726,74.8999017404957,11.755724912093656,54.32869029788678
24.479232805257446,66.27095336051272,15.506923008062712,64.47452485768186,64.52185758446639,47.78673549131358,27.231539718108277,99.02225346150739,59.74975216555352
28.351154770420543,41.93285332478447,5.428187608934287,22.982672579761843,74.52147426908346,35.52839742369226,11.750184021237331,20.94067139499336,40.24335819277674
18.446397424032597,26.35354951911893,9.933908456358932,55.266226777674824,23.22246909013431,68.25117301162001,25.19982216440717,1.177987628664201,32.49082863580071
18.845780376173416,26.852659967714445,5.685481858550334,37.21732552468971,40.532536064695336,66.2232158329593,92.07564510547337,99.74229390535541,58.565754203556786
15.817372325329577,91.53526997312946,2.676567259993863,66.1667259629189,26.91615709916292,71.53223105291356,58.15888378497554,28.107388544511313,63.586951753432984
18.37870126144329,35.34938597749943,12.591153937834731,14.122354337314945,19.86316138618691,26.814322961192083,53.34802087447829,66.80194525125599,39.19973689082417
20.57180678063917,45.86972496924166,1.0866406964580766,57.08774168394763,78.33872199958384,31.566848116406597,59.63935996924615,17.66823141763052,47.18823321413633
18.540209685534936,38.13251217815904,14.972904682524,18.52703553833237,90.92526944369924,12.525123109620795,36.60282657465152,58.022853219914175,39.64437747945619
16.774050675141112,48.39970446655499,6.351735905222333,27.86430631150364,37.02321856845767,65.55099718461126,80.71070203195127,90.40349864545593,55.74197399537997
17.412717422012015,25.55390741968747,0.0026938600897064013,21.87098003235832,75.12789243737669,3.979712733565255,52.32862493002498,32.01811674284386,26.711059326040804
24.215575360654515,61.52478327266163,10.222582784744596,18.28377798688171,89.69952893644111,59.768233552345905,11.674790276879554,67.02539760443592,51.85126598401066
19.12667436811585,25.409005087377192,0.9370381705520625,82.5710951560667,84.61242105302316,86.96958848516338,12.906512482906296,18.79035887984165,49.12332828403455
22.28539722096151,84.02852062578893,5.52339115641799,28.570756766089033,18.28133885392259,89.08321482896335,53.685914650261836,62.479539871872525,56.589726858411325
25.068345417097138,38.69696655283464,14.139529749114324,92.71237818644494,95.62918815133614,44.90377603699617,93.65702180708392,33.64503518175101,56.33765007943226
28.807896572587307,63.20095316836085,1.2537924324373173,96.99265253451908,37.66764404294625,45.930368821307376,30.835212167619876,21.12082585879517,66.57776311316806
15.786242796821979,90.40632700491666,16.78676984712005,57.126046993709735,33.92406611738363,7.696918300801736,86.95411688592183,31.318205070363515,54.222162252804026
30.988207978180853,72.07018952377553,0.07639845317166216,14.30011226657264,6.2431327277780335,67.07650254430358,76.40955865788793,17.884106850779936,56.1175274767963
27.558007789818156,62.636622924106824,4.936477384038045,37.45482433795813,48.6173654104883,82.12594203728455,24.781244290690687,90.19161078378828,66.17986950423035
16.635180638977438,45.94670024923005,14.818081123041429,79.7732263348214,10.90136156409287,24.465505460471306,3.6340748316242455,39.71868863171289,37.319826478652466
32.47157248213554,46.64015304465583,6.325402994586136,36.739072869707044,24.853982092742598,42.13008816333647,10.184726514238275,24.527930497436735,36.53225598551196
33.417448010636264,73.5589564158552,2.0378477613202706,8.701721830278874,31.694262176728138,83.88393367652704,72.84939338474402,44.840784101593286,70.78454385197251
16.221559197097275,99.5311488976934,7.204678376008557,55.678491092818795,80.8826323491684,87.7120467662288,19.96697380406467,32.053616680649554,77.16741396647588
20.537552962944076,72.9471351879503,5.407865727690511,84.51208514960348,87.54886503958966,24.317998026422593,37.12709205053938,74.4419253813326,65.51354195941411
31.124025595861227,64.622673389602,16.854238043211097,79.59263871435024,30.246631746146967,55.057063454136426,50.16991660064248,97.12199118854944,71.23881847925168
29.965193807673167,78.45204081913968,6.266958351702863,17.512314013035322,85.86981212445738,19.249315063582706,72.54681684501628,43.80336566976468,53.00023961117466
18.690420387127546,57.21644898269745,15.778649435520144,67.27646144124667,85.72309373697911,10.187876413955655,11.323122325912538,86.10333999722404,57.738228704496606
19.186986466734204,24.811387408062817,17.837442896214696,22.05042634356471,76.46509503848735,91.11205013919576,40.636640527746145,56.58630735596195,46.494346804667664
22.40944205582764,64.98374527023279,8.67634839153059,21.820753455217222,14.669511401518154,82.05075042321091,48.50729091426954,15.723566509423348,38.67025250859034
24.690459703820427,96.61002276043041,18.19886287708784,87.40717733051852,69.0322846900729,76.00349018031739,54.08270639715397,69.06227420813416,75.78137962294906
27.36509543060592,34.02423538861277,7.546361079263857,24.966895274023017,94.50240645805688,4.876631881314042,81.83606413952167,51.343449712582014,46.44607124549525
22.378272791395446,75.20039126565325,19.281568329802163,26.32473465180112,68.2540478767157,84.37287927102575,17.16781950432169,65.06065232521034,55.7196095174282
24.25069432266296,36.07469509272452,1.7857904905114586,0.06533907612995549,33.16168491078339,43.804407590538375,80.78314518266222,88.9687412571665,43.10044940785702
29.94941876267513,62.8662147578465,13.740385330064855,87.06690341255177,50.05793174308313,34.23951232958596,69.28784276966522,44.043457065604606,60.277362610393126
15.733664057811957,27.73411597173757,9.876280809138574,79.25948132091347,64.57250433510536,54.647636102537646,55.58708141989593,90.11776232173557,54.30007720637583
20.048738886880415,56.02967490065481,7.752976109112941,62.7328935090678,51.05704087285036,9.135324272355582,69.95278704025719,75.0669014281655,58.97536361645493
29.26699171769105,80.49306631161969,12.654237574972019,75.02657639388423,11.995294173096982,75.66465493523988,41.20177389516564,48.860492587798475,68.5996720523275
32.904136753743984,47.80572193911857,14.077141832686625,15.20485674244918,31.206404465202063,58.24350768882959,13.839758596812457,60.32221356579637,46.20025584383445
25.233548842313322,73.19293795897744,0.08726539300618175,45.832359458757544,80.23960305536325,18.659009687316754,66.57652402653673,32.55811325190115,60.17895619497168
25.642269705306312,83.63599686317833,3.3390617749439744,35.121938734878086,86.14180460955174,18.82321997690456,52.46723066856222,98.35972997387742,65.05032962907525
17.14344022679552,94.17422555835621,14.260921012686374,9.37765262570165,13.730003271557024,18.424865157267423,63.93748005427755,66.7351163050396,57.13806332760535
23.948247336469095,38.77136654843628,13.327708271564129,48.61304852149241,95.23867523987246,5.700238755193398,33.799878102849,4.38468524966299,40.49714514402466
25.652345329100463,51.94527326474465,19.320950102573544,92.07396503426354,32.88226178486093,58.77984493716848,90.6866577339836,32.662190574800874,64.2868702944573
19.849410072694592,32.19328106643339,15.22075580501566,4.005911905069448,66.231373873072,84.0348177588508,58.736986857557696,62.33144337590575,41.917095782707406
20.38486461898762,99.39868017267001,19.01545415462676,29.14609134937939,75.18251459566811,1.74982139873886,8.540248429087383,5.63332777992398,46.699844525350365
22.545683262092453,94.16007743394363,14.05081003069614,20.754093620570345,81.19462346378835,4.900464497127355,44.980399070442864,2.3884191319142767,54.97742787852802
15.401423955554527,63.196570422444765,5.9610441727888634,23.81466536656963,94.57497022259301,57.27702766869458,75.63560547436343,45.002423952780255,62.68945046809834
21.441583311663564,87.3626635501137,2.1072984450171295,90.84345518793752,31.29195480288226,81.94956853860523,79.41345617322723,33.269017969267,78.24933070112934
19.22896013993089,61.67663818176337,15.636477266898712,46.806905423429015,85.85064545515544,32.67388905686336,49.45970527637588,43.82986080331659,46.73884544140783
21.54994704355829,69.88685504022078,12.882984429518318,46.62994129398188,13.168690343620703,34.96143988077222,89.4747570831301,26.269330988000515,58.746353683241445
17.395242636385024,27.12995456928133,0.9637202478659246,76.05756424552823,70.50409063535928,59.63464974967759,26.766843719429755,16.47177469429809,38.48400757052137
32.8105456147979,80.42163363974464,7.201009318019567,15.44922040049258,74.19777295139859,27.4212889124147,41.05986972382666,68.91433569803377,61.13954536697682
26.871849071080973,30.217078690818788,19.135996309685723,48.72653541000508,67.77232412013204,2.660836607768413,89.859691056897,51.45711162678005,47.70064646117376
28.582046382889793,86.08541042020227,10.008022914204025,42.99852141210597,25.2314736135153,73.52285181015961,89.62567164715789,20.015421124936683,68.2252252192235
30.783424772146766,82.56224701363087,8.654582720394092,59.69106905466561,87.30431470152034,62.56499129414531,68.57127688246808,31.958942625999832,64.61795077969177
24.968843978581145,76.69957581943811,9.15399210318588,99.95577032504386,16.8858463370395,58.07559990556591,85.89805471222202,59.18079076633259,78.79344735984556
16.738405761748474,22.89283044198097,4.177654480103275,76.9448894082047,5.363479152083084,74.16841289918231,8.877326695623267,7.2229348272477845,32.70711766452453
25.742130836370954,44.250268475626285,7.374143417295905,39.78657030174272,71.74649906119122,67.52308375620375,86.49949762077763,14.745300926617954,51.933959712784144
26.736822360417584,41.04900559286743,7.396265119743532,82.75530522740469,47.54757152327337,20.588198817832115,32.061990655022676,7.324560410739012,42.73496786251775
29.9087894836866,48.810912597721526,1.047100403749448,17.070836331248017,84.90980199586761,35.24810469433511,17.833151242821632,81.23173327141188,39.659857412396256
23.63319092459359,27.011419741107083,15.351352570358365,3.0463686308960125,38.3397141058259,12.6110141678625,23.936983634204633,75.24092332120092,32.87084089363267
17.551606055911275,94.95662584248502,8.33008863807758,20.444837246427305,16.827858850771282,12.985701341788102,41.79685080138871,75.33129318792571,58.717020096853346
20.67551811597449,64.3041792569901,16.443597736328467,34.041155611425964,83.64421924698698,67.61957463565392,25.119200460446724,71.6325343476028,73.07052874422611
22.2616459279727,44.44194485264188,17.00696002239791,51.05807574595599,54.89096316400717,85.86001069824982,32.0567586016499,66.93854236698692,59.30504609753628
27.918344826632023,51.75852136594267,4.239881093973161,61.51291405411998,18.91957923903549,96.27325838611391,13.497848607164208,47.6991915378175,62.28975583605166
26.41556609337824,55.77620324038685,13.14706964340257,91.06057172144217,72.03839985864458,62.834711754944436,29.617676555899852,64.22781635071149,69.22696465831895
22.121934517956923,68.04754666884938,9.445636083259634,50.98540095504577,51.111363848950056,18.410132336095696,57.22838145420012,3.836155478797465,51.73591852854771
34.730304975859596,61.25435421571982,17.6031347584297,50.127564462572934,60.431298224031984,10.56503454489307,44.185370809106395,62.14644226567846,54.94898620894633
27.115496387137743,93.55135785715339,4.314813583529082,5.024300982298213,46.089833820658185,81.28509715367578,34.67187612359112,77.78777055368772,62.197667864376754
19.74453583471989,59.75707863246642,13.556264006200884,3.491155265622381,82.87089838180064,57.875647635999925,74.6452128857114,50.035836038439015,55.71823646161442
17.035649452408073,99.372641185865,12.155042445054452,55.11599619163721,82.95627156830498,61.82850210137198,89.3509971393318,35.75133284272369,69.98814756313448
18.057182783686642,88.11399661960766,5.906029551436656,43.81786132483445,70.93888218243862,78.14620887547092,75.6789222902397,27.742673480097913,65.86563831482363
19.919154567690164,36.680841148586865,2.7320180730234522,83.91803949802986,10.540137739646227,70.32772277324516,33.200070211767915,64.28020501620824,53.39841638577483
18.213627465191113,94.4476171715133,13.032795209545531,16.067958471184518,83.88538619040689,83.44582528560966,74.44421678375537,69.28011986299087,73.65436617131377
18.731340481026116,29.309311830838087,14.771949162646614,2.49716621170496,67.10129805329098,5.621390545987848,15.19801824740512,87.09675998625426,28.114611071210152
20.70190337387694,85.39597667929533,6.3125468752669995,44.903876793012586,69.70241660042996,74.75206367465049,13.031798809129091,34.233408246099074,60.13908344560461
18.467471905895096,50.4498634781264,12.896652080446277,23.74785567522575,36.298284040387166,85.08527573220954,34.562703703615895,76.97723073855856,61.943416941763296
32.935308492528506,90.23794563560556,7.902618152230065,4.961437333883745,87.92795561570067,28.613504245831432,80.7702369044057,56.135582418933794,67.21346303997962
16.604674913232845,89.44453520859602,14.264137665652354,72.4598286847629,72.53716002348575,64.04472739932528,24.634824724230185,88.28364906780791,78.872290398814
25.490227791405093,84.4740320094097,3.984305497881062,11.159299995724748,11.259046652919446,31.416206383697208,6.325340889867959,52.78121082956208,43.46623215928076
23.20793653979323,83.20243490456491,17.804300052723487,60.83195000077717,40.77780344061627,95.7971066482454,13.170953520635509,51.76298283979672,69.14575249191493
34.647572338172125,44.37433112784326,5.748191929311595,28.104975016688915,88.63803619601417,3.3423572435503757,85.87449685295802,57.787708144090914,56.71363681550048
17.240778043361047,26.473542644100174,7.355719755123058,17.3496050355022,4.719670169737899,57.97928438329551,63.37832847472876,74.93153551424344,47.16502176542224
22.95711198091483,52.23841430121291,1.1618390416069957,37.97515229193175,96.14166196420496,16.65035470495151,25.320116336997668,96.4690478828461,42.24866474393824
34.389408665507375,33.88196119892069,2.230244246425528,80.14457762229537,67.91625683195628,71.22202051771586,55.52958253281813,7.356335421576565,52.33707908184854
32.310142517879605,75.59608711219694,10.317238054246562,39.20935769045727,63.13759776433766,17.589028341866207,52.75796224253504,5.3434602391017165,59.29099856253217
31.3414414189856,47.687978123022845,5.35185353455943,75.07696492110557,27.05592564879914,23.538326189835757,65.54359784406613,93.75503374073385,57.924355843847685
20.158056540898798,98.04881606879319,16.70960451484389,12.548629679915068,24.879178873917706,49.43708110457581,23.31875544216163,52.98756255182061,49.75129549886352
18.417751747801315,71.27776618762655,0.29386777309907686,77.27714196650791,94.20582194885955,91.4834949996878,86.44029871943977,61.49030145669361,70.50963715798791
28.37286439848862,85.79844509074887,7.581880973438723,23.693332490664865,29.827245423412275,21.171437214797084,30.936856208001284,48.24236015947289,47.13869748997025
33.587519782551716,30.601973819347876,6.7469109353818535,67.73931298888728,77.55052967189994,14.424002111810353,69.41316539762369,9.365745260747449,43.07134656036675
26.135257860278596,88.9611585818098,0.3865526183520207,56.57815548409963,39.31217982070792,75.89768318540307,1.612464637221489,76.80893784186665,75.06796306456121
26.432253789397997,93.82057524107155,2.4873679800102044,92.91447172116874,13.925407078470398,50.0619532333931,37.26571298941472,74.72246450885869,70.32929067110304
20.599581873205683,58.96495350551487,8.272853498372704,38.732251797531404,1.071529769535895,91.17851123817714,35.17098179588083,31.1703321492812,50.03679967098538
30.389858663838737,68.5002350200782,9.857291688948933,6.616518883444044,54.42573370152508,14.661455715984228,54.348442858301446,30.623924522840042,48.12332572570577
18.74087497115047,81.18478407223964,8.085794945097382,1.9155485551252904,97.57788185489326,64.59278930230393,7.27362617771965,83.78413809055185,60.87864631618963
21.473584728084873,33.98709018083301,10.618753568241877,82.6858560972753,36.91361938092045,23.287914615181503,79.01313737261083,7.235725774132662,53.60770844614187
23.508728772328336,60.205286117075396,11.90263349811363,52.473563766143215,35.719233399304485,15.67604286516393,21.778080176756852,88.11051483565659,56.66434692939728
25.1522075736891,51.89304222178505,0.1984764225567126,77.52440518349492,34.40916178494421,68.34294151572705,67.70378148820102,25.66616898959144,55.92870002731393
19.848194648301604,31.70991937297993,9.281903189070078,23.44256000115147,52.054383730485846,59.36846199087332,80.32121232440932,59.298474775549394,46.54607807321742
17.29673649478407,49.40275378332252,19.269984817751766,34.50837455132337,44.06648834242935,75.48274583623312,56.18769562415131,93.59941790017777,61.884812366515476
27.21240084883265,25.453784750839485,10.380645602590974,3.010387221131894,87.99146267270145,30.946257644618235,74.08832067219855,67.81225015366465,41.68053741532579
20.772611064805115,22.06495255595896,13.550845349179063,96.14923245741122,50.55207917234903,44.79716563821899,66.18603122150056,41.44298124670366,55.52264560194242
26.624764428452245,30.81330313238582,6.237277158337664,66.78679067008134,50.77578381885688,40.547167633041845,35.55297971520076,68.95342089054152,53.587817228939315
18.087254305484045,97.0492089271339,15.47982756305525,93.32050877593062,13.83715947205566,98.40894639665142,80.88585390335653,34.39796363163702,82.27391948482763
24.62280203709635,63.96236287160136,15.458429637522302,26.549640742907233,98.27395409103859,29.22489567393879,29.4701369885528,27.725841634918613,42.04844673392985
25.651788651031715,97.2657728922576,10.425920953082779,61.146361122566084,24.99728908688297,29.481723834676686,57.12129177515172,99.66832779346797,71.97981787604606
16.03647073644854,54.59983026641056,19.52027646558427,67.84999682926379,7.336406745960266,35.45482088286074,74.53977391415395,75.07902311797878,54.80406284420738
21.732085563878414,44.945290646820766,2.5110042952530676,31.754970025758844,66.31462489752089,56.45940812903215,37.89559098125076,64.47199773818177,53.35801411568051
17.688293538779483,60.49134902721953,0.33895329779161987,84.81092350156301,59.53663701568727,25.232274426374524,30.276760761742505,35.52896432193188,57.64608884908657
16.267499409455354,55.16093509063281,15.403164235141919,94.71614629002478,41.514565399274574,91.52899403792739,45.934601017282276,4.916082915504816,70.92963683326212
34.7992046477989,28.453174740939513,16.14311074729765,88.48551176960044,42.2192233880678,26.56855648662635,81.79634943491536,3.105687603515561,61.13630179933912
21.44707689949446,71.2661051752165,2.404144582411525,73.90669759393725,78.50639210464311,89.58157315601947,92.99217631456648,55.418125544879885,82.25437425266499
31.1974889170927,37.28305460076797,5.3116566591721215,27.746467972495402,19.571264009964906,10.347506364658464,54.50834128598901,76.2032721039051,48.82481770921056
20.092813095275275,69.56703639182636,0.3510472673325782,28.161604210563173,82.02533189448897,65.65627023996524,66.14662053236519,53.73791904438551,60.60090356595017
28.630054444478585,72.01608739185227,5.866172215611294,96.3360320446038,64.87471138950181,90.69855184382438,90.32736222389141,84.07850719391146,84.43393671505743
30.204557197793733,32.16198825029185,15.46283747837343,1.0284495935692028,41.89697737795244,16.874943839822954,9.85468514129424,3.3426533093221633,32.03173833710294
26.912774812156886,24.907970168853453,10.359210554251579,71.60499732421445,45.80286165838686,96.8326960099255,23.207857786616504,36.67520764259401,58.92960790125473
24.431523771003167,82.46092688547519,6.961911863365762,70.62461625552622,25.66472071860958,45.28833604155117,70.89000062515825,23.707039117417807,60.387994151939786
23.23681828294537,56.78403390154561,7.434785898126606,62.26895409497975,75.21143326969748,94.57151084410245,82.37444619122996,44.7272968157122,71.17722396230563
21.977365330859904,24.65310364043806,0.027072514309363083,99.01088460868658,51.287474230526776,67.6820043630047,85.70290283305779,7.2376393194122475,56.96234326707863
33.59058288495652,99.58930537358137,5.9960105513047175,31.187943576372522,32.08545427498436,30.158686987355154,41.51071768549326,95.41316415710726,59.26656362441399
31.612388155754584,24.62244487970933,12.92917483275861,33.997186379324816,59.60501157609502,18.83025249171064,8.933990229186684,22.325540106936092,42.74143693929259
34.300538213330256,75.60281830868425,19.483888876327143,7.893940294655555,99.5734452051323,30.37350462250994,43.778147729961994,92.23077754835847,62.08249638592254
17.485944469710894,98.69431402107308,16.94121653967799,44.27981365437375,43.52622796565539,9.301740926267499,23.07345902070538,42.58931550366818,63.87420973444526
29.617349504072884,39.13440833727405,0.4718992929105825,26.10485262348481,92.06914007786196,14.386796634332978,29.11964549966242,98.5524133255218,39.96524038862933
33.76680913642076,31.379949494975694,17.97121209349679,34.338670217764424,34.50168399245661,10.466044034648114,77.22675568375058,55.40583834602108,43.03788651545077
18.6246613233132,29.71079515379431,15.66396826597252,83.45717902556277,5.4732706924985886,42.29435437415577,7.552708602588687,93.08328641758075,49.1744021412955
16.32992534733555,44.262011805407646,15.607522471419609,93.54845135274957,20.424210636842886,79.55783762575864,82.75812174807021,0.5348988694222845,65.00760345425734
29.82241298580118,28.083664880851735,9.15991518007143,18.573307200518563,41.86951433276842,14.138355421634019,42.76690858241691,74.82388061809002,41.120419362651276
26.489462263598238,75.37290733553056,7.960105859090056,37.25089315534659,21.963492859456903,13.032043317233589,59.60639311005951,90.30506531025154,56.128925419360534
31.83657553516544,24.983343850405014,6.058314576663852,92.8630562115394,0.02270382182555375,64.34289495173307,8.9652231235679,13.972056697895407,41.58928069627646
17.79544753252579,60.75377025198318,1.3138971790873155,6.180846068922263,91.50015377475272,19.71829819680663,33.735907835727964,9.612585173215148,32.61823303514431
30.905346237197804,99.73574830823814,4.564707269873982,9.236052811137851,84.3879411230929,9.76100381089916,8.970091901484578,42.457260718595556,53.39566084832925
19.032546400954892,85.11762156048151,4.932072699560493,16.279098920622936,74.22922314869471,16.684857820557763,96.15437228811096,93.36789061329351,53.04214730846729
18.27311885731409,69.21755505848087,9.681541394204032,59.521283412687474,16.781459564602862,92.37313958767761,80.72616493262504,54.23865601904387,62.51402255181472
18.285315958619858,44.500289662928935,14.948888131933879,15.047227100599747,12.036357620998606,82.14712527761908,45.963275435646025,52.74564637217322,47.76362922318216
31.29149440462764,69.91166690333108,9.476196567958933,96.80763814507335,6.760474947238315,35.40645623550941,22.36025483236711,14.112611829932186,52.37100339632587
28.303944413924,62.163317112932134,1.1568889889432121,44.671452725852035,72.40291887729212,65.58207673273928,93.34551052498522,0.07895110932187865,67.58666586880197
25.461308495382386,54.086670711229715,19.15579601976408,50.15179603501664,92.88079606878853,53.72756736680381,34.45965957269718,81.01400907454612,69.07805213420329
22.17660968247005,30.45683013921596,18.854486381882246,24.66586158054065,43.053582091303696,67.7124263482564,16.098443168737475,8.757456298623822,31.119247829348925
32.544010816262166,90.92833721923733,15.703790862968168,47.09602524347335,11.914067199604816,68.26711524627594,56.31643884539549,63.384981873532396,63.009821090712606
22.84890214845271,55.9827719057058,19.82655803128441,66.19136326370115,51.23928207321066,62.8734015059993,94.37741203448161,91.46164545151915,58.77257793774144
31.33198878943154,35.56980094566121,10.889646656005258,75.11771369540428,34.88319074586301,26.610136853730857,0.3830290500322575,20.865191315843102,40.64074143721921
23.78269817140437,49.420748070183166,19.255367005064123,75.3868082709913,37.48249243499977,3.900642076281813,23.812484325399875,66.52728362369108,54.65492790663833
22.538888588498153,53.130380202314164,1.5121008123350155,57.789111269408835,62.13306241557073,45.55667819901088,93.84476404104076,7.869857670750946,52.9776944340736
24.25359571339213,86.20303164534994,7.313614965227426,90.43597749938573,71.87181132622024,89.09738846907038,17.108596685716204,60.3755143837613,78.61526109802655
21.02755748328284,78.68915044491217,4.507625360135316,81.74078473061094,11.060359887316086,56.94972585185759,11.324345163981986,16.393172095320274,47.81343060738713
29.952187603525022,81.54439149130718,3.9166616826854006,75.70481146986255,3.5590230806476386,83.23910417019079,57.01872157998045,73.5953560515178,74.99326766991236
25.054407801849585,20.882501154291777,2.8160589778535217,5.560552168046062,99.43303026857149,99.16243429612281,86.18438232948299,30.12312947939082,47.944340121936264
19.644253902936345,53.29231985438092,12.448272831319933,0.6877962219649314,23.272834891555185,16.361620413827627,47.71098176939261,46.33910088046462,35.468539531197024
32.991491465491364,58.50753213082589,15.626437114946102,21.244727719547296,5.383052490845907,69.17776391419824,99.45642566845248,59.94305420276217,57.507786899875796
22.67782442746423,21.535382145844537,11.565967988407213,66.35235939134523,18.987532909591998,67.42935737000246,67.91716995379929,17.12734106662396,41.35242533527101
25.871057222279774,40.785056699602734,2.9392541917641934,41.119748888254584,3.895784634846422,97.99554473582785,7.407490721044773,74.16378186176209,44.10303502144076
33.12944221929094,80.8231858497708,16.222475398669417,40.24062592993117,39.181089461717164,98.56007339528003,99.28321316819753,30.264034063681457,77.12194264768537
27.484759918279842,30.968776458319923,12.71909414327457,88.45868882296138,80.24017844513243,68.66786117241294,40.78942367801904,66.23718599127535,66.60904275096051
17.337960814167282,62.824810516207336,7.76331412253991,89.55628481318388,34.124444975772064,24.361479198219428,28.740253384548254,15.828305069937365,56.757112384845605
33.796642472269504,37.216149761379,13.48260591072126,90.91752640535857,44.418340687836654,79.85558381305991,55.787918357788556,68.81176592063503,70.15235759580311
27.554161061428356,20.969661971511464,5.1980995848566565,31.38780765150273,67.55867735674389,10.70291342110381,30.43075918208643,12.818807281046174,33.96715484853471
21.698112293141723,39.29611660796332,6.90384416988421,69.10558127392618,50.889407006988016,78.06993041716287,8.645750712015232,42.535649626998364,44.47767292404196
17.785441453267744,98.0699003928043,18.349716862639806,27.163318127436963,86.14456860213242,91.01961241446965,0.14283430791767193,24.72060737388768,61.44013809582314
30.88050378540592,84.12296895063916,5.810090113428408,19.060983307444978,86.60356750457565,38.28333947684352,44.95833529202623,74.83752494281826,61.22412564523465
27.40145511857027,96.76613154568267,9.399765363158732,18.463245734736923,0.9910695491153643,63.06352949830804,83.68634222265922,26.203500450687457,67.82774001176823
25.66922183952643,59.028323514109,17.802822747920292,34.2107620863594,77.80463064831991,43.01427320968263,57.231518563007654,88.17173063953962,64.1781353868776
32.87785166101915,28.778895894200282,14.154427005350549,42.99576197798217,46.073360024167386,43.776505498812845,99.92072989434408,89.18202114066128,65.54478875754168
30.771944224490614,63.83675911789544,1.244064523294055,83.09491710550684,98.88405413036631,31.037088910812006,28.68466456472,19.644131522278585,64.36090303424845
18.033497594655024,56.350186764796874,2.946060885579407,11.98910934727121,48.323207587543514,76.21296204503246,28.04550647600553,61.38459450077243,43.9880860003265
21.234441355910967,87.54856661916928,0.15683181543833635,73.49258473948942,98.68959453882975,93.61765641665052,15.97494602339442,8.771764171996432,69.95141579844815
19.969782796289316,27.846606462739565,12.618435804583267,53.14549141893053,75.45693612057366,94.07508592344611,16.40635882653352,39.15370996016292,53.86853171961038
29.878925851453538,59.059290961742256,8.953468508208367,28.794534267599246,24.860488461330633,17.478128487493382,28.51865960100478,71.33217295012723,41.22750115113959
15.670648694715588,32.00389317551874,2.6854970180455107,49.281958453282456,53.83949792869577,87.4743649656566,79.28400452735272,65.94232468499163,54.06718472164558
26.39779369742633,45.974074151204796,19.15868242113541,29.994206977702266,99.21356394785828,73.74314414271221,90.57567906364478,62.47006694066079,63.54406805397722
30.24917371481381,78.98856619102398,10.593194478912398,59.608195523830595,85.75306077519237,25.283740069028926,97.50871697076813,28.25408636624436,75.30475852320353
32.53531273523499,58.081450349501324,4.837865882257784,43.38439228552442,9.73668937912211,6.728461292151455,23.228965409645262,37.8024949434402,31.365896287477963
21.841634974318147,50.07106281166155,10.01207142309415,16.440552907887874,70.6371996809996,26.799726688437797,88.12975456140917,10.294614470028618,50.81538546834216
31.425146093440258,51.55810228560283,13.592406654702156,11.658307455569672,34.5579585870813,91.22082367815256,32.82550892773371,71.9022820433601,49.615314221495524
17.212634739104146,56.75574147247893,1.5247843594712895,54.66956820721302,0.6982261880348117,63.31786748957723,11.28405445168844,50.38887967912735,39.38975730418785
31.929045834690363,82.80132350696455,5.49407630095784,90.24130332861034,40.34809690269996,72.10546608978719,87.00249255201656,70.87656323456545,85.68966257060258
17.54977324663965,91.36677511521876,16.139309817679873,34.395768655768556,23.47544217249713,25.715235110909585,63.61056346436186,24.894352479687278,56.12148738106525
22.945745811207345,96.42677492031426,9.193297408053224,73.30001072226231,81.88692705204716,71.93881555748203,16.47308960810617,32.443822863506625,77.17321402699547
30.94590731559107,82.9522709004236,10.931542840645898,65.8661354939767,33.733060884576545,2.812150627792376,42.98312575130026,33.42153372601147,60.27390281276101
17.998348546975475,45.23255165984102,8.656320044189385,93.1554914309481,82.7523693953817,37.53213457730138,28.725769487706764,2.57424097472162,63.97147195293415
19.58502790465283,75.05077648692337,0.8779988528601024,82.09810172991409,0.05979388347953085,62.67533485423312,73.6794568710197,34.10478728306236,64.16884588365208
29.445051367861325,55.008249924431354,3.3149955964031186,56.660525890546296,30.781915002611914,14.609656554132023,45.341623062426805,80.33045735180335,51.46939355322419
29.400730730921488,40.37364976368409,8.910832774837818,65.70304982341074,24.116521430776196,82.30035744469347,98.9279945106385,89.72984957497385,68.72798859605487
27.822952657705947,87.26972635407381,4.183709308158557,89.83864665840349,23.3567361068611,23.503129881191864,5.474498225959512,51.821831563592745,66.56772482728465
28.878968889342,23.074107916986,0.9995805731935747,39.95187845869348,6.81866197654627,65.22811128184462,35.50152661362467,45.55016952192202,37.24690630095224
25.854488866951925,92.14095937083388,16.872993281036475,32.679470585777736,18.712427041050173,40.51971425753297,48.19001671099774,3.0824618699370254,49.67543440027661
20.035981178139053,56.91819716997873,19.623850583282316,1.081108363519634,55.55495698856199,59.604359547764716,50.31335547483198,87.92043375853827,50.17487138750107
21.913919870078388,70.97611814466244,15.862857479934789,82.65510741914642,29.13610728377445,10.745055262890812,31.593582238563677,1.3010213425872719,40.52057098510813
18.631954336028514,72.74831377646262,17.07569843409334,80.0980700403365,41.73947823291479,1.6912799921607324,72.9240249097568,94.47500802102118,64.21556867538663
33.169011226672566,91.60941925652291,4.839542606340908,10.445451810015138,37.68668803471885,90.95644273803012,87.47470734889747,48.92162486880907,57.28920485127859
26.66783589532241,70.93357457337659,19.212539510263994,57.68573811327003,87.59049249998945,26.96300087671828,93.8719301977863,34.19344935747266,66.02810686283014
23.017028335272798,69.11468678080494,3.9385140890685677,46.398169816688736,90.52989990105155,81.96770027804591,80.50933767995262,92.421843484266,77.02190320139125
24.240116072882653,25.332163244855195,19.028596207236646,11.870909550911147,49.295697165586006,99.93503004722002,85.05801973065994,2.4390993110096737,45.118700798935706
33.94566679223631,61.47264175561632,19.89638587931902,98.05682270607235,33.01559503156044,21.143125799891116,55.05453006199955,58.14248948690871,74.32599257865219
18.067028062321604,32.01352006536333,14.234456114920974,21.469588746335543,10.680070400236364,26.51707411833556,82.58882264268146,54.89325244993376,31.343845771485622
26.724596640335946,78.99470149771885,19.62287463583644,6.723418009056115,95.3402879382095,66.28597876346657,30.350390914795224,21.932040121138208,62.71564128381063
25.11777357768932,60.97775366501396,11.390795591342073,59.48473795019096,6.022694490029745,96.54486346006212,39.84787621092144,42.88874313502106,63.11868360294093
27.22908470869296,74.41822233666826,5.190835663521806,73.88666771330327,29.765027756828044,91.58143481907439,31.69130138185443,65.22640059437703,60.15456184357754
15.36220367641681,23.333832048190743,8.739917713312417,3.2443446047186963,29.806620117000413,50.28755200655849,46.738733544792545,72.71311968819275,48.424927324098334
32.44247817888303,26.783361283664256,11.87121870757572,65.87176387270222,32.04012861402149,79.51102825267246,28.557961623863637,0.07168587065797816,49.05852477649313
33.64236564967224,77.30587104501458,1.4616312405402998,53.22918759514545,16.428684327240926,13.574585309990105,96.16114422544469,93.68534300910153,58.56054450316453
26.30266367178418,25.76674687989387,12.446865292344922,10.326500887504842,78.31614309236971,97.74381842040123,31.284462800566814,16.45253723928124,38.4962668952233
28.933016477537844,25.70053822122069,19.62355673524589,17.252387694636205,12.249786196598922,96.43532340359864,9.804453811093982,23.35804342223592,39.40548726301496
33.449987623545915,20.968678018790996,3.8021529956745526,56.79742973160805,63.49066591531628,16.372895787917095,52.68171660504134,26.347344569384823,43.27784740264632
29.14477268626797,96.5201118639584,15.851902325767666,29.63576135132884,12.384602670581746,29.94231248031066,5.7099078445176366,3.782013655203531,48.37062432277613
18.050780858285226,79.00066875672056,18.15797587559239,93.8315728651316,7.053563759295656,10.015499750676693,11.054316630858052,12.305212359032492,49.71006585743121
26.525767203336265,48.260112680165136,18.874031856404414,81.87402294840508,90.94295036858765,27.17175988981797,21.93893891962463,98.63499229441621,67.62224639149487
27.13430092765712,43.72284650301242,19.202712088108946,98.3567206513663,19.01287663187057,81.59557894152066,46.43502498821417,31.521673737728605,61.62089806123305
23.48261342604772,47.97625837966797,10.429192774429438,25.967083895041398,82.12501545597043,37.83156071652595,43.32509323090279,11.530109033904933,35.49457961125836
29.728884712494455,81.97228249449455,19.546158159830075,96.9723632797977,54.46308711071358,8.839696714675839,79.96918620027913,10.699126117462331,66.8304193891047
33.687340295380295,72.90964888563315,15.146204142688777,43.12338697915579,7.78565196087696,34.22255247789045,73.94746538841133,71.94599676699718,47.894128343702576
33.51137025813553,34.815645429397435,3.233428724739238,34.751879531375465,95.54481914380675,98.138333424128,42.63182939907013,85.45686640326409,65.04566731246624
24.016787428082644,33.92874682672675,9.5380021293594,5.034952696935324,24.696116699189254,62.96835952592029,33.37042075756299,25.695229950846986,31.049843312132246
17.264760916815106,27.871651977071785,14.36662350744008,5.276525785960262,85.96453453526065,41.61609464061578,31.64687840614986,2.090951233523497,34.38709234078531
34.69682397924669,72.82421757610706,4.946806316381666,69.20112559466547,16.88100057845642,16.653851349727,77.3995087294009,22.30900184453558,63.924751379512486
31.777961728918683,81.14981297773888,12.812303670977748,45.79289944340279,85.39428821418528,98.61767972836948,5.2072406221269745,5.651569079675733,60.57548547695177
17.493253624065336,41.20371426600032,13.332009580932384,22.65216260361057,1.3228812905293985,82.08490092631287,1.2821649510605826,10.339493663004152,40.99260903354859
33.416837652347446,21.675596882473023,3.2539948761713178,61.39703063252326,51.178045656948065,28.14773024509194,79.5544391926648,43.15081198476424,47.65499726102357
32.39792724124257,26.573733398114186,11.301706249055126,25.285811825011116,76.94425794215569,7.006869572118946,47.71463759890493,22.991837086163258,47.69730753312997
25.376761142521442,97.42880278760244,15.432538219572153,57.76317543444226,93.47955174927833,5.662555737755803,13.088113855357598,51.59458785254234,60.67759049987144
26.825508714898586,43.63558219819362,9.977913290718838,35.92087469826903,90.92021362064871,12.037814950553383,23.556593459450127,25.349375325719038,39.22323565291095
22.980054077402606,81.53785182705069,0.2420623355221485,82.3552226611819,81.96248695476449,58.07685836144216,93.25039530973825,94.05373011029477,82.86021530622068
16.095232776440625,69.9730855083411,0.18076938158584355,82.06961607667793,88.8191349661304,92.87634212054924,85.9502975624898,90.59439679262645,77.05176543467981
21.70394483291802,50.555171172231674,7.140586879400244,47.73503981224013,19.92196858370765,49.674342800598446,70.97850502239726,56.6806105010466,47.770084497451265
31.057068971960227,36.45498097564441,18.52388136863564,35.08191093350156,28.418429571172876,84.29454824561972,48.22252303373266,35.44239919873861,49.68914849118325
15.092640460092056,29.710913452752514,4.573535592072176,36.25597965590946,28.89685249210585,44.588661985980785,52.032362619138574,38.114688203473555,38.262403739662375
21.669983433822885,69.20103744310933,12.687273777433743,80.57145256682179,37.70539310016988,70.85835457678252,97.52445352839587,41.185228314449695,76.79979730794679
22.963373871818867,81.97070245102304,4.4415174138664115,32.8179482797612,39.33206703851887,73.18727372865008,96.57704438842872,72.7579322134944,56.78586173837744
25.74791205875846,71.51234028329046,6.433399793190972,20.9059373706846,54.45553246546755,17.396370590333866,21.526904578583427,45.16389955188379,45.58814867446138
33.39711232825521,62.42417065993266,16.96084179202968,8.468834187530682,15.987976336644138,36.121605897581176,81.11045663053181,85.67299465058974,56.68297108945428
21.926919887319226,23.356097874530903,14.577228845398938,46.66931208844084,69.12466637859893,63.73021565380239,19.72426661670168,94.40947859303645,52.79016356118956
21.939064037924553,97.47910220755071,1.9079855462642126,48.213209891984185,16.75665393045065,7.069660818436619,21.35374778839514,33.59461533789339,55.66061124920859
29.750024962194967,83.89713533236596,8.574040419728671,84.09087104029072,31.030848210454753,36.15401877629566,67.60930341645768,56.06944813756801,68.52590773686721
24.044358817796144,43.42576293607718,0.5833952729052894,22.123869644606398,50.33451306061541,53.479946628119244,40.50010985875484,9.505653683256444,39.71529404276603
19.49209645879964,98.39762634870806,9.61780293206018,38.099127366839994,79.64405615234773,99.62244930446387,93.15444071065203,20.0469047766359,76.6990867326938
24.04879032265387,68.15052717090578,13.24868023402136,80.8405738893691,73.94692332387272,47.45335626224407,8.900973489600883,41.34657667101601,62.44170556504196
17.817140407595996,66.59381265657971,2.370052471963031,82.36236107489735,64.55343564105223,81.60567571143235,51.152564080949304,20.620271590177886,62.743010168728105
18.527739730124466,79.84585435436257,5.777698778183313,38.46110759787682,15.577326058017016,43.206728506661776,91.85215304431212,87.65604907887176,62.648944135982106
24.967355454789594,84.941583047211,7.956732510043139,45.91240232866809,54.70453456155777,79.6390722619709,90.41136604795051,15.828625605909806,63.879264735233946
23.378508990090957,72.51828858652021,18.390620493120995,30.328589084928293,8.744650179988545,59.54148016201084,15.652921341574121,45.566082155309196,46.83913736650332
33.296918021362,30.247659709296002,19.86510030845928,93.2554878419312,37.73631767966508,88.65954415023984,36.663770009645646,60.56992404598757,63.33781563562546
22.24787798233266,47.06140047955987,0.8982259799123171,11.864376574158031,41.35165302899592,41.09425523501099,61.912140004669624,69.18639081608444,51.121825197466904
26.61176700556087,94.24669122608398,15.22015846990784,93.374942300147,3.9811439445753827,60.43044198214788,15.939488477140218,38.306936972650675,51.28545659553507
27.645285758390607,37.969248947508156,7.434481328046864,68.38664518353433,27.398809946997183,63.00186806188274,96.80221720457386,86.90990687247286,65.11776698580962
15.261889131766672,49.77336190700107,7.849163724589601,53.15721526867312,95.56494672664894,41.73829418004733,91.47493287276603,56.831915107792554,59.650007497432306
28.270747440334212,54.56615063553568,15.085299466940453,3.2659060784495875,95.36326078296895,14.431204368748151,16.695017903446917,43.95077804475518,34.39997205895389
18.560719337395028,55.15239917555618,18.368528642908174,47.55961918220083,35.23270542525393,9.355940691233556,12.115546126098542,6.724063405203662,39.9827752230046
34.2214063493891,69.03516659956205,19.018571890050968,40.774810500273226,4.310010894832406,1.66715505996331,8.54084828082653,46.4689468445165,47.09377525843924
17.973254555062258,95.4460670195766,11.542451720766415,16.121881197512256,17.909493932818155,87.35342642452146,90.94436640366311,82.07358408157303,69.3531916813009
23.292482474540474,39.2554169466004,7.142423186010056,65.6409603500657,39.221779343354015,23.647491223869455,19.362380979546078,61.45410182213155,33.29296410978573
16.706993361572877,29.720110104073445,15.750981717175584,97.11509073682858,94.77796979692297,21.150674928176805,41.62849285443547,83.21624537291183,66.19461004035803
34.93748503691894,35.79763918879499,5.020027665246005,56.218881106452514,14.119906353718491,73.60354004260655,44.8851365652003,49.401167059930565,49.619904160203546
25.04390020662485,90.95399201674157,11.281480576670354,71.47532764439458,76.35158436682123,32.00161130873917,59.901104421356756,11.846170509448184,69.2819220413917
26.907700346400876,71.66486501241648,7.171569230497463,6.845045256601678,10.868253937469207,50.60446924118366,7.173534374742497,1.363984583588107,41.669887372088304
16.34152954776855,42.87254313913281,13.132621474157522,41.76669958169947,98.12575773912768,16.25110652974563,22.675861740051594,30.321954671859118,39.110365753046516
29.999209407983557,85.27575511748938,4.807978257870138,11.635848516449588,38.161649910913496,95.97457214619692,93.1490386918926,69.79904714977924,71.17652720268367
19.198111861911716,88.90959970907488,3.8318589146965154,61.27958355365104,77.5234538899056,85.15814000172374,90.84101072685695,79.02599039416938,76.40282933056689
32.96108578881427,87.72114709522225,18.364781733508742,93.84821582141547,34.259108281113186,86.37896229650033,78.12906474056922,29.575283462032942,70.13927703091504
19.102792809640142,93.51412269116436,2.036073658990738,66.17777324716386,62.76688771588087,40.67737485720052,1.9401245618215435,49.565392088324714,66.0178905067862
18.81375441327333,40.17928161386892,10.119158154698633,7.680304831442153,19.201608474003674,76.23612137071729,32.70067684961021,42.111890443408164,35.70449238417106
15.730993356961898,80.40335429970227,4.417055659260178,35.466620498508284,14.602101929696254,14.387615538978016,62.79587353429078,41.05227843514279,42.30671943767424
24.441338902199984,56.8431597819312,0.778599266513349,55.066337944085156,93.80641395681313,0.8619002591780278,27.519021177347568,23.134871320015048,45.2332354390475
26.29682266525233,87.35988423120492,0.7203763658285278,40.320775613325225,91.76472779044335,1.9972932578028124,90.95866950537773,13.637110502945838,59.19805783010032
16.31417278856705,78.27925417292906,3.504435442116547,83.36440104751723,88.74689402128824,58.660173740456045,63.38894618324419,19.668855823121312,67.35575451534658
30.51055233390021,82.11579571997797,17.335407090120004,81.46710047099891,62.543345016659345,45.53949052479408,7.19067173164456,5.53323871633461,65.67382953660116
24.065776694960554,72.49294701448572,5.649574879540533,61.183102010322145,80.82682112162783,51.801534890851975,90.9005588835703,19.813074182357703,58.6538552158452
25.4878053865516,34.19430155757655,19.009183411505916,37.345794513270526,6.903693691137491,0.7463140417219405,95.77666581762226,0.9200897625379456,33.275513600973994
23.81525493876456,63.60215351175506,11.632445859783871,25.533637376324414,33.47890418906792,42.268661965742574,7.771241839172549,62.72584006359783,46.05462175623815
23.01526121750652,98.77357916196065,8.732283795375322,10.587431821312931,31.37031247571562,71.80681612008608,53.23602348613149,31.637540738768287,66.91014864067898
26.19280662616436,94.99104531976951,11.601776693389091,35.4897683486554,63.56453219526132,44.26937019674359,30.336428221417044,97.31447114269086,65.63670948491081
18.10480491861425,23.453898863760934,10.333967704525355,41.31725172077195,35.59577734706405,73.22192063122223,39.283907648140236,19.371705077629787,46.94300011163261
18.63856260990542,33.18518525835497,15.175525075146503,67.58229251040736,14.85067816436808,23.30189643968348,17.965121795534188,34.58285703095939,40.10857836987409
32.235712420270346,30.538301876364955,5.649921319457045,65.81598242975734,59.646707541354374,81.31420044817254,57.807210201241254,35.78411586415332,56.418614119755304
33.922309242672654,78.07839279882364,7.061007832006048,7.0108139641256955,81.43839206690815,58.84312404534523,95.79793532488907,0.845149606246054,57.55859912616766
22.46618632559506,85.4228263885556,17.881886050665013,39.525931543115775,38.21234944599732,21.076309942990623,50.30726002716091,83.9207953039459,58.24642012005493
20.414893462871078,37.080909304853755,18.92913026300811,18.177886721736193,13.22687150984817,23.672047585383293,8.291458139448116,3.199446014432472,30.91045564785728
27.879990864780314,60.46821543614632,17.85116454972949,15.68127053168057,19.668819731282305,62.8030464569537,62.000133347740835,94.01798347292414,63.15718686888677
23.17468342196193,87.256242240896,8.388959879146272,82.73021497372459,23.7483305169384,82.99395932124433,34.022299445125704,89.20743510936207,75.5161572071903
15.507727113206897,78.62412358130004,15.607310060137634,4.191521671625753,29.989759299453624,41.56277820291552,85.59251895912978,53.55219160859635,56.571001983496956
18.12305194732381,63.378976439347866,9.526714666021975,41.91828759021213,64.27950705063091,25.83004291275922,43.467814831647026,54.35955749112921,46.355570098086005
29.31944457694795,67.22781523670183,9.950797042922044,16.82036557665182,60.0945484537719,86.70116069106004,19.28396089422456,65.37779229561563,55.867131577978576
28.178478838203027,60.6688437533024,4.093602181145679,87.9330215678474,69.60798615670392,66.9268291750835,19.110562269114496,38.7050011934887,60.981265897682746
15.54191985006967,43.803876105505644,11.82260606517033,55.704051327503514,36.25019845315131,44.80854872830765,76.87641807211604,64.72222833978554,54.60613590679927
19.43944323865899,65.20175942872129,3.7227179550669587,23.1380636376848,82.39976518799783,48.790019527930184,26.55875983073599,4.476838868848687,44.185540641625735
19.62149593176143,75.11082416400725,6.631293981343875,50.24272871663764,20.40876611557603,20.42564679363964,76.7233394159223,5.404762734972657,52.673793191923366
28.43785487197457,89.86583326886462,17.100604032398703,73.14863597031159,46.90407475181539,62.680263006484395,20.58873107665994,45.723041961954436,64.26124824958407
15.394210755087283,70.90330831833984,4.141516184217105,95.81180089194338,80.09387215414303,35.87425105428886,32.16863687013094,54.96223011060349,64.44644435036987
17.082171639691477,80.88972296345264,1.4231657034686562,22.044600424541894,18.015864773261924,99.56451766743493,46.54869724396994,88.7817640335819,63.67307698345718
30.998321707463788,32.805730796365836,1.380151852256326,88.61817721293451,10.986311374078294,48.01835152618879,94.31958496934507,10.466063390789627,43.88502225890251
18.570893241086672,56.92459795358319,18.815690410062157,93.43041141674902,88.36839676879897,48.58856061896132,93.17314247538246,82.26479271938894,85.58792713143319
28.054922157037495,20.746529586167462,10.138408759236693,91.64205445320663,34.29296627591959,56.58517874106719,20.68718754222878,21.004733729206958,48.12278738967618
19.76365562093453,39.73430916172984,8.188241436340366,63.54143568619099,68.3870124909032,91.67560031187467,35.82190412430728,39.408364851003185,47.787065954423774
16.988827855186905,78.11693720904039,16.217571620158367,62.982065443470766,2.534860426393848,80.08180998597503,14.939938845377231,31.66024348274129,57.37117675676549
19.86344381998908,99.34479610794908,16.71651855821032,40.32106331838228,69.00468884094497,45.113006979784146,50.998507931349714,40.0155272865399,64.30296341310883
29.44533863711318,27.934247966977274,6.643820662312092,75.23978823037879,31.61013115469705,71.8699265972796,46.05825506946666,15.049549807258556,51.50450502317254
32.11392936212572,52.11954526890306,13.872361149475905,53.12940183509319,5.574085358744174,58.62354987807616,90.07601624507325,50.357007440355495,63.72099861606556
31.604397291339833,84.00567749593276,15.422456317037732,67.74380712282945,60.9812761548117,49.23670487012489,93.00053777910726,80.16425898313673,80.88220631286626
22.943670592369095,36.32285077031191,13.09301373731909,42.84579038487954,24.080381607317324,19.231577278435054,38.35673910072921,44.153401037889694,41.530093729340585
28.361702731412922,64.4067959441829,3.0319014960019874,73.14964640431391,38.680724205188,46.39362634548909,49.173794301898944,49.061357589819906,62.596334041979965
19.09968590831642,78.64570368237398,17.51766167034114,82.4471517604549,8.058081228651359,24.581858702257463,89.62362491461332,84.87675852813142,65.92974432101838
20.862954605220267,69.27883602081432,10.781891054720173,14.64362566028161,14.716325109494532,91.48421498516547,80.67078077450614,70.60581146380308,67.32398240578945
32.9267163704224,35.04197876923329,5.649448527400073,83.2929715574228,29.797723549584376,33.540681349634696,0.3656311344649277,49.04544085197847,41.70052285828875
15.26003847021472,48.43076549485915,8.504563708753878,54.029653179030724,8.975950056015714,95.22640145333723,32.00595641835825,25.769564818917967,50.42468382530769
16.71017061708936,82.70334275883178,0.7514218079781476,84.46659090902243,91.08262646863152,53.30552900947112,42.17742419361259,88.49267468449666,73.19114336987461
19.157725102920544,64.33812113056133,2.557336024448351,43.13017063410146,0.6047043183978418,63.15443786761603,22.97162836832317,57.702040169055834,52.508887340047096
15.530644077476394,20.41836908343302,15.310935010317216,37.904048538303506,48.38602188643114,54.29404444893278,19.957161589593873,22.11476101106934,32.61186718223431
18.628708701795947,80.8792608022475,0.00023269510732282228,91.50607325172224,12.324745813255145,12.93806169667009,3.7784506595679668,26.911975263801036,41.63354078189145
26.66083121939384,22.824908395219126,8.331316569645843,25.11692675484013,30.767908947794854,37.5821219007941,64.33697250697605,80.3133088936246,43.94081170148746
23.428491011849957,79.65870261849858,10.450203621711768,84.42123252861431,92.60595598182655,9.914611227762393,26.251029048316564,4.414556208745546,60.61549827630551
32.8534342215395,36.19844481321899,1.092688400019446,48.40205725094041,16.169455327398687,62.29540441833817,5.234717843131309,99.20921870288201,57.60360307728778
31.34887123476882,96.64587840955042,19.461563259446656,51.40954425512597,96.58323197183326,44.68741952004389,23.097931052806363,13.035167971479177,60.390210108753486
21.83634703395752,49.43526010416676,4.522506624993438,30.8468281489484,20.579437698942172,77.79849715709368,80.19139528361265,79.60685253969373,61.23847271914014
20.188468668625852,46.15452930704633,6.083974392725617,57.30422006190157,74.15661084668295,22.047048099936983,85.14891816465466,39.47753167716829,64.99104820261525
22.59384816334534,31.911044026595576,6.078850245100547,32.52111962762113,54.66772648973117,16.45660584293349,48.30662451933026,49.221618328746686,37.97123029055026
26.805898850296153,44.44833723921719,4.608333242346998,3.926941424165231,88.44787275967592,40.63322309637678,41.607067040868614,88.06505774645778,42.082764357768866
20.361272816457525,90.13206094625605,0.02947644172622832,27.199860534435604,55.399325550313094,92.65853832183811,97.78536935017817,41.291118958921324,65.39728095699743
27.482978156982682,99.70674701017978,14.586895881759927,0.6379043406590679,53.45592191563087,71.04218150124117,20.05646595880699,53.74937536732345,58.93972383625476
23.18823304382481,49.464762440547865,19.336909995985707,97.83547870568566,19.54580003683999,41.89236247929187,21.535928285460848,4.929966240916994,55.494255967069535
26.040943617039606,55.8888504763634,4.485869665700902,96.57472098197475,16.62293620516587,51.727216975431055,29.186717703639975,0.23474738674531537,51.17886937713235
23.722530582706334,77.76567505621897,13.26094383606845,39.5155297472305,91.64891511155142,8.421301117709834,17.275731828108732,24.47998730017259,58.83007672609947
20.889315190838353,90.89566243720596,14.837926539174301,72.8370854339646,32.78381988500341,98.4575896376113,37.93655982041866,68.05830929187672,68.85766200455333
33.96906613924313,67.44354673494273,16.968507581810496,34.580609841042495,37.20822549628959,66.6407304694919,91.08342269897538,12.126489335913671,51.85490219366635
30.272115883195216,51.32205585422635,8.452583940272183,67.1093157085976,75.98236584283885,28.540406846342247,61.534784062857426,11.376195880454942,61.30584718827855
17.802263515329052,53.0097472678899,6.058618112808585,80.54300430459791,33.882348242280734,58.58083942152443,41.19465486122637,41.096060803590326,44.64183659731947
32.36935951795826,75.64945171974455,6.505902680460622,94.67562446922408,95.20624466390028,10.948236606899398,93.44107945712148,64.78370386082265,74.4988705260933
24.748623964990273,20.257461088342296,14.252426661970256,40.0212275849672,73.79277689988002,96.58366688075836,4.846423247582232,71.20719922479304,67.69165759325116
32.891044537881825,69.56714699678726,16.33558933011272,78.32979829560477,59.742924257342,17.478498788336594,21.027617790186138,17.84506740983748,57.79851616838662
30.997105118946305,48.43944083530859,3.632279355132053,26.59284506321188,88.08951605447525,64.80303180552141,56.5888605101759,7.958814737204245,46.65273830795573
23.50427008938467,83.53578650216674,7.418820163155305,99.03323037936484,4.960590834948276,24.545446253893044,61.55526231931792,94.03970339455442,68.3050820267354
15.449386166402348,27.439251185850573,18.038803934983,2.5769598764351143,25.706269218920873,71.75613826485358,3.9557506562613143,26.066638256210172,30.798123821687426
20.37354718769892,67.05618135587125,16.133870393894785,60.3528806501121,46.50363342209099,77.68213672402811,40.30387579071322,85.33464976087238,67.03655229212158
25.83268429321734,58.4778311908899,19.697168055249517,65.95059816513272,22.6978539471521,67.34197289114327,64.91539648308728,86.34914504628183,69.32280831912337
27.669564396522944,71.38604207241819,15.084965193641615,68.80455570741289,74.39051873021519,61.44994602551925,69.80705464034016,77.25225917625444,68.33795507426042
20.157753708664046,25.18828755863747,7.863904020558445,12.038757878908902,91.92080310537251,89.24690939520117,63.813990251626926,16.88336066525701,55.01832726881392
17.78712148145648,66.3987029942505,11.812756679892756,93.85297834731304,42.37701199309234,7.862671098975804,32.05632243609246,82.18014592542004,60.54464148661603
31.69860473598598,64.91876703676189,13.220285084946406,18.11832790500828,34.2132600111895,33.09147657801952,9.352012359790951,76.92505592415867,51.992706071955745
34.68804361407104,64.85280755329367,1.569116326342479,62.27534032398411,96.15507321375662,24.828747963084595,42.71124464193341,59.67229901062171,59.74747736860857
25.513803646053717,68.27901332771638,10.889939182077303,22.267607912308495,44.485243282754084,98.80139620654217,12.875443736805547,33.720203516895275,61.17111605512299
18.43358571696607,74.11743497810897,14.186416569452192,30.72164170212709,48.90484004492832,38.93897796668735,94.76236585206671,26.25086042665441,53.87911656876304
20.44614653038738,84.39911997446158,3.3464260800212076,54.645854172812435,35.164987234190534,73.26126992403988,47.51708660226283,12.188921208035897,60.52881125981985
15.367813530949334,41.585657610257144,15.612634348511143,41.719341856457646,90.95484730121383,68.47251638810046,31.725917435686757,50.975706690087144,48.663516200395584
33.28597613120998,86.00395281440497,11.675455610282233,16.02256009765063,56.89554832818507,21.208123747737773,76.63040711189001,58.52608755098465,53.844376133292705
17.355021657802823,59.86045458107629,19.04443571395189,17.093640242084827,76.21745871816447,23.899768021155133,49.79485925822639,35.93389905157872,49.66762698635431
26.53032951028507,26.164662330746495,0.8484459641378339,41.814478816279966,81.18067183508863,28.12845635530341,31.003402401245005,47.53590676808685,40.96365949634944
20.48110441374412,24.684074339518336,5.306522751109339,75.72829782755008,34.18490419172582,41.112727825937924,81.19677423908017,36.35144573692667,45.32809404032131
26.083560050315867,46.73906549568486,12.031077585996481,89.79646468477885,43.369433132038004,23.43250656505268,86.7152151001122,64.10060573207012,58.991273634916
28.028407767037287,82.7917581689174,5.9311982441186135,8.412766225938284,84.84717744062647,1.9651482746847804,67.3008166288677,90.12592077965633,59.69562393885086
31.594836074144034,76.61447477927325,14.288483281424844,39.310390755940105,36.32553516758102,87.93930568071954,4.6964422407667294,16.39202620469449,54.42452706785737
19.128425435212066,83.08919717379251,15.18010565043862,10.024556372287662,79.39351334518513,96.5609831380884,56.632288016653206,38.14088099031234,62.105295093952584
15.219916573169609,61.38152451532875,2.050319281329489,1.6592480632597884,94.09923225744372,34.15703870315679,76.32949119972817,14.08686039508613,44.20100654776925
17.737712601376145,55.21591983643924,10.277089284135354,66.17186826439566,62.3210373068007,33.85068794254729,13.650301208358218,62.4943770407832,43.238661101946896
33.0003728369621,31.796202136502714,10.177811111821118,60.24494419665878,74.16272874518889,0.7091812774370987,22.867075138460336,72.88705094885958,41.16725353931809
32.47780155125031,46.25542028874492,7.385615404310821,16.301911381488623,80.50973120411349,68.02506883303741,88.24951050681365,93.19127325974559,63.75562139276637
26.948262043406167,54.72154929391002,18.65849725139344,23.38128330930641,84.50396488966425,82.54398957486288,2.0121721853074037,27.887192626096493,49.376681786642415
27.010337208673068,27.08803437436938,16.550126397464425,2.370775364451838,39.505333785679596,14.660830036000316,75.2727137825976,95.02112058654302,46.294449665988466
28.30073349092511,37.6489562168969,13.944187638192735,83.49472056944037,5.126345917599817,15.966634936715074,47.37732925144229,6.32626718206748,49.80505635798969
18.507425572468993,67.8580235250991,14.286532714699952,97.46905960485515,40.187627123673956,79.00832499714377,44.677215883960685,60.30138633645882,74.1172403969496
33.2882389184992,78.85304913913518,9.234322876262382,13.545953679469081,67.37562297840898,61.629074835414464,0.7096532494887176,5.713271934332997,59.51714810576496
23.375410497841465,99.86780091143598,18.419890421931516,23.147521376529813,45.03503857807928,4.486055762771701,81.93982309664928,89.37741877619449,61.26475098659927
22.66277056498995,94.64906650748462,13.891908545065707,86.8409523946934,74.89631508603985,62.25469904622817,35.98249006365665,52.98090570700541,78.88166012919028
25.37835410565675,71.40521596281532,14.57962123311633,92.64637979561849,35.69824294686639,30.891772284376607,54.07656313005429,66.93483507627961,63.56375444148838
15.9393193355011,53.69984426352576,17.233818075746903,41.96273828068103,63.474414110402954,36.872515547084596,67.73006863356595,83.15739259104525,68.41329166393773
18.32566737512159,70.89418917665861,5.48143178684382,5.062247226907413,18.641980485397458,76.97314182968802,70.26295764379158,15.031062248396875,56.91365129450107
29.76067232852741,82.85212944641856,16.14141807733406,3.93918336928194,74.93694366449569,81.09351926726106,95.59800588260723,3.8591561938133845,62.513124082389105
16.65597335850253,29.466895273870986,3.9048120591298408,57.39498660690104,54.56959688130259,40.03566268398306,53.13399532366091,87.88811459128522,51.925686188016485
27.063042189327764,52.79239117570306,6.906839044897756,39.2895108893179,20.40643885466006,94.71529360063548,39.97195509744276,31.49332274589325,60.40189219204129
19.90698219362642,87.18418285084938,6.712209085396854,2.8652427577654516,29.191117349780725,40.64627179520722,95.37036264917079,12.897890792716527,48.455200609540235
22.785912280839533,50.70663615464352,19.57050936778281,58.32523923125568,74.86087085818323,77.18360352301099,64.21102350255211,46.84612370870865,60.99927895572881
20.773874735413997,65.74978169817493,17.130744474958536,1.1302536589022472,48.26012356615207,48.38772645642591,29.81503562765556,59.83060756960188,50.88395464803142
22.113454329298982,67.02154886897586,14.023397231805195,78.73719581492729,21.60314403930722,89.7532326522084,12.646424540357115,3.0970603422510123,58.83021628423103
29.38091810368491,34.75810025069115,14.541135232307802,30.643282270337156,96.72711903702977,90.77612436501786,84.25545014651813,27.489565825708773,61.1922316365965
20.9424343124635,48.97883533218307,11.241455888051421,4.02580030092321,71.51250198168879,8.741680787108386,36.21816027941516,3.2799874276896013,29.259777941782957
26.328092805937942,46.76090309935457,18.94181334217038,58.835222098315334,95.71348325397962,93.64933313102257,66.04697213644312,42.0335389195499,60.03540869644232
24.521008043981993,22.09573668256518,9.92517505764723,39.76844144330547,42.71050453603432,82.55348415204156,47.08164193658981,89.51000290662444,53.816650741270664
28.273423307252962,21.935341111308418,7.610354197397891,97.38004133571495,47.51003406917205,79.13107143126669,19.892977979503833,98.26524114935692,67.54471990871994
33.73659478649516,86.53576349406188,3.26070673863182,54.41986625037022,89.79552161850192,20.091133968552242,60.16866086204651,63.70475535036275,66.37952870332657
29.651441944205004,41.845664797824995,15.72411304522116,27.52391810370083,52.504934024538464,80.51192087546649,6.068306895068232,16.16376937845918,53.95288611916198
19.298807571815136,61.44630129910524,14.68887864151183,70.94388646339748,70.72789119056672,85.01327346850368,41.334245987119225,90.58493899993057,67.04044369618659
15.623662701225694,43.898045887101844,7.687100770482697,27.149200254271133,25.217287749552998,28.915033445415094,54.661493966367104,51.62478232000605,34.45860459414507
20.2452808859965,95.25433960922724,0.5038682791845872,90.42432914075651,44.67264687026405,95.22600783623237,43.604697411857906,15.374931210291809,72.36059242683034
26.901558614005097,40.7437407092619,16.779946554360215,37.47219705073764,12.34498658103551,4.986014639916425,74.86721752509908,92.17266694516614,46.54126057917965
16.028516269685007,54.37254501911481,0.22835966908147265,54.98685627762052,20.59800358769617,14.990925324713967,82.79249545453125,75.7469050723103,53.44553920840752
24.927324944024726,89.81842003876815,14.073995592581019,5.0573103824228856,0.0943415267631087,53.75811380515143,77.1243074033178,73.17052727231516,52.28318447896358
26.936856978337786,87.3546853433447,19.40514219452114,42.61212379522308,3.926505164866023,57.579247112230966,3.881294781180211,70.91807037944046,64.70286980101811
21.684877816339217,34.88811342770219,8.75322656296407,83.2363539660995,97.72838231769293,64.51500833009034,19.41287704459722,20.03398210964423,66.41710668874008
30.418244074916437,84.21146478365684,4.699468099919056,80.56488053633419,24.23536951367623,1.6969129315466458,53.66075092637743,21.100669170752607,56.954731506614756
17.131965062675437,56.65495093903141,14.097420200867635,22.431855885352626,66.33107095040019,96.03667746221302,93.48220404438013,68.8292998427255,69.42262266476527
16.502755634716173,58.637509766828416,16.342562840311704,22.60790710105627,83.90996987996115,4.458809273414399,83.49567750521169,21.972275011039688,40.90729825588707
29.563775124072066,30.6783977932755,10.928606321556947,81.73053122132367,55.066045923656425,14.306195272340238,84.25345083518016,43.86716968030488,60.36483281871354
24.90982632412397,26.44812110056997,19.340705505122923,93.03984201693255,15.31445000839562,1.401451752605698,30.32081937596749,78.20018255939414,53.42419740159853
28.768047928554722,78.23514455790121,1.033374433159222,9.536092127300355,72.81164373361663,56.685843329409465,42.94478970787026,78.3952518097841,62.48665653396359
23.696546772074925,59.716892188423984,10.095911966090563,45.005863942622526,60.025141009958304,93.22668839209723,47.070594731593744,45.326177252585964,61.702125776043474
19.928040664782138,54.948056209214364,14.369078946451001,33.745427896422896,73.12505893473751,66.59471660804643,15.737158334991042,79.21899382752451,40.64595756771258
31.382046353483993,78.36065829219174,17.252809422983578,87.06884554574394,76.97466228570872,82.26574684804274,3.1068130244456316,83.86217961980567,74.53206080363121
30.988317579379583,81.24103191928879,3.585112238155801,8.352491468001876,97.54103676847451,1.3281203458580082,94.69028994605169,65.47757512842603,54.65554653071073
28.893929417088536,32.71265341354828,16.00006963527363,21.112594255803742,57.356328002671,54.20152984797261,24.07125856635067,22.842585230842015,37.134843441845305
20.44290274459925,68.8180119582113,11.054141514370905,75.24683375864943,34.164111269060186,45.95629775055219,23.99489037236313,27.401178038554754,56.10553944513409
26.804613337381742,30.828326582214842,7.931073639799264,5.129384898121558,64.8464556900237,49.8967944220793,8.337905376875954,31.484115540873535,33.82055326884548
22.219477938800537,80.11000688232366,2.6343005715818713,49.25353807142893,6.844070924262613,7.221318533518795,92.85077519437786,11.6804107733952,45.036861222650415
16.831641466532684,72.55641250137117,17.30591517817825,44.210703467972,89.73973183215863,68.44353610693075,57.9737114939772,27.315962036994513,57.10209374673728
33.34627150924486,96.52916968667664,3.145464163594307,33.44011789887487,11.938101133819679,50.322041485863444,66.70368571253539,20.951922431253212,55.226129301970936
17.736372618379228,25.516641308513694,6.195757184181985,39.457231531892376,32.784283788581824,76.51488498612639,91.15768872630525,45.532874980860214,54.553095553391294
34.00474707641605,24.564377692100344,5.8009106392487375,52.99405869302329,81.57453806261209,48.52906340617154,34.56201689007895,90.84375478722649,52.483732092221885
23.920115459159113,42.57496597545601,17.428280683817086,16.136735838838312,59.731237833071184,14.938163622643208,62.15073111380841,10.448031675395807,36.560396475409625
